patch_id,solver,runtime,iterations,residual,recovered_coefficient_norm,support_size,patch_psnr,measurement_error,coefficient_error,DC_error,AC_error
0,ASL-SR-DPT,0.005254,141,0.660529,7.429157,61,19.11,0.660529,0.886041,0.168882,0.869797
0,OMP,0.002738,38,0.000000,7.541954,38,16.92,0.000000,1.140035,0.154928,1.129459
0,LASSO-ADMM,0.002452,100,0.005581,7.038460,39,17.88,0.103507,1.020760,0.617892,0.812503
1,ASL-SR-DPT,0.005746,139,0.822498,6.644365,59,16.94,0.822498,1.137585,0.402421,1.064029
1,OMP,0.002457,38,0.000000,6.952755,38,20.68,0.000000,0.740013,0.134834,0.727626
1,LASSO-ADMM,0.002319,100,0.003181,6.410813,37,15.95,0.106576,1.275562,0.641611,1.102449
2,ASL-SR-DPT,0.006764,139,0.990065,6.082612,58,13.26,0.990065,1.738300,0.558020,1.646299
2,OMP,0.002483,38,0.000000,6.551519,38,17.81,0.000000,1.029825,0.268978,0.994077
2,LASSO-ADMM,0.002357,100,0.003611,6.003284,39,15.09,0.106700,1.407745,0.763989,1.182400
3,ASL-SR-DPT,0.006967,141,0.987437,6.564987,64,15.62,0.987437,1.324818,0.167811,1.314147
3,OMP,0.002427,38,0.000000,6.796977,38,16.22,0.000000,1.235586,0.156458,1.225641
3,LASSO-ADMM,0.002316,100,0.001224,6.145590,45,15.06,0.100774,1.413579,0.685502,1.236241
4,ASL-SR-DPT,0.005641,139,1.080525,6.393654,57,13.97,1.080525,1.602409,0.477424,1.529635
4,OMP,0.002276,37,0.000045,6.839704,37,17.44,0.000045,1.074661,0.208685,1.054204
4,LASSO-ADMM,0.002313,100,0.000698,6.171141,43,14.80,0.117639,1.456313,0.810332,1.210045
5,ASL-SR-DPT,0.005811,141,0.741853,7.257911,60,16.54,0.741853,1.191935,0.138878,1.183816
5,OMP,0.002454,38,0.000000,7.200773,38,19.91,0.000000,0.808031,0.237000,0.772493
5,LASSO-ADMM,0.002341,100,0.003251,6.825808,39,16.84,0.085605,1.150824,0.619430,0.969898
6,ASL-SR-DPT,0.005535,141,0.665649,7.147464,62,18.35,0.665649,0.967574,0.295171,0.921451
6,OMP,0.002485,38,0.000000,7.476552,38,20.74,0.000000,0.734461,0.028033,0.733926
6,LASSO-ADMM,0.002319,100,0.001080,6.872907,40,16.67,0.091903,1.173540,0.632123,0.988745
7,ASL-SR-DPT,0.005840,141,0.865683,6.734619,59,16.74,0.865683,1.164496,0.374695,1.102567
7,OMP,0.002418,38,0.000000,7.195642,38,22.13,0.000000,0.625725,0.040464,0.624415
7,LASSO-ADMM,0.002312,100,0.001502,6.428821,42,15.29,0.109315,1.375141,0.770499,1.139010
8,ASL-SR-DPT,0.005534,139,1.009869,6.330923,62,16.07,1.009869,1.257470,0.457802,1.171174
8,OMP,0.002412,38,0.000000,6.943322,38,17.35,0.000000,1.085075,0.030550,1.084645
8,LASSO-ADMM,0.002397,100,0.001536,6.344716,47,16.95,0.098042,1.137104,0.548084,0.996298
9,ASL-SR-DPT,0.005262,139,0.987268,6.445296,62,16.18,0.987268,1.242457,0.057550,1.241123
9,OMP,0.002426,38,0.000000,6.523584,38,19.49,0.000000,0.848768,0.025857,0.848374
9,LASSO-ADMM,0.002305,100,0.001428,6.099531,37,17.67,0.082137,1.045993,0.370595,0.978142
10,ASL-SR-DPT,0.005520,137,0.857534,5.839242,59,17.92,0.857534,1.015939,0.135554,1.006856
10,OMP,0.002689,38,0.000000,6.395289,38,15.94,0.000000,1.276990,0.243220,1.253614
10,LASSO-ADMM,0.002272,100,0.004071,5.716408,39,20.28,0.092161,0.774369,0.315402,0.707227
11,ASL-SR-DPT,0.005240,136,0.681683,5.482882,61,19.45,0.681683,0.852734,0.065612,0.850206
11,OMP,0.002524,38,0.000000,5.790995,38,16.91,0.000000,1.141467,0.118490,1.135301
11,LASSO-ADMM,0.002513,100,0.001914,5.220276,35,19.27,0.098215,0.870429,0.371090,0.787362
12,ASL-SR-DPT,0.005168,134,0.751569,5.128918,58,20.00,0.751569,0.799583,0.015683,0.799430
12,OMP,0.002478,38,0.000000,5.164662,38,21.35,0.000000,0.684453,0.042569,0.683128
12,LASSO-ADMM,0.002317,100,0.003232,5.012536,34,21.43,0.089054,0.678362,0.147316,0.662173
13,ASL-SR-DPT,0.004985,133,0.741531,5.072489,62,17.92,0.741531,1.016637,0.099940,1.011713
13,OMP,0.002459,38,0.000000,5.412792,38,12.53,0.000000,1.889692,0.091164,1.887492
13,LASSO-ADMM,0.002287,100,0.000436,4.785039,41,18.69,0.089379,0.930560,0.283299,0.886388
14,ASL-SR-DPT,0.005460,135,1.099608,5.300643,63,15.17,1.099608,1.395071,0.076400,1.392977
14,OMP,0.002461,38,0.000000,5.855183,38,14.50,0.000000,1.507750,0.180478,1.496910
14,LASSO-ADMM,0.002328,100,0.000812,5.134633,41,18.70,0.090831,0.929332,0.342054,0.864093
15,ASL-SR-DPT,0.005520,141,1.140096,5.571606,61,13.69,1.140096,1.653509,0.400987,1.604151
15,OMP,0.002456,38,0.000000,5.917293,38,16.61,0.000000,1.182305,0.231644,1.159390
15,LASSO-ADMM,0.002289,100,0.000731,5.564819,42,15.07,0.089484,1.411388,0.460146,1.334272
16,ASL-SR-DPT,0.005744,140,1.326315,6.137228,62,13.34,1.326315,1.722813,0.563588,1.628021
16,OMP,0.002823,38,0.000000,6.768031,38,19.35,0.000000,0.861771,0.095652,0.856447
16,LASSO-ADMM,0.002286,100,0.000898,6.158867,48,15.13,0.099734,1.401536,0.694384,1.217430
17,ASL-SR-DPT,0.005764,150,1.083874,6.690648,62,14.46,1.083874,1.513220,0.708123,1.337310
17,OMP,0.002450,38,0.000000,7.253014,38,18.20,0.000000,0.984471,0.241821,0.954309
17,LASSO-ADMM,0.002502,100,0.000281,6.560098,44,13.86,0.102233,1.622503,0.919421,1.336856
18,ASL-SR-DPT,0.005722,142,0.561402,7.527447,62,18.59,0.561402,0.940625,0.200455,0.919017
18,OMP,0.002672,38,0.000000,7.487396,38,17.17,0.000000,1.108337,0.316594,1.062158
18,LASSO-ADMM,0.002315,100,0.001342,7.035150,41,15.77,0.083780,1.301219,0.746359,1.065889
19,ASL-SR-DPT,0.006514,143,0.330732,7.708340,57,28.44,0.330732,0.302697,0.195581,0.231027
19,OMP,0.002587,38,0.000000,7.660412,38,22.93,0.000000,0.570802,0.263088,0.506556
19,LASSO-ADMM,0.002312,100,0.003075,7.338920,37,19.89,0.083915,0.809735,0.587533,0.557203
20,ASL-SR-DPT,0.005527,142,0.306495,7.757868,56,31.07,0.306495,0.223696,0.178407,0.134948
20,OMP,0.002460,38,0.000000,7.725583,38,23.80,0.000000,0.516776,0.225205,0.465124
20,LASSO-ADMM,0.002598,100,0.003110,7.392642,35,19.97,0.067380,0.802709,0.564031,0.571150
21,ASL-SR-DPT,0.005336,142,0.324681,7.610800,56,26.97,0.324681,0.358413,0.354396,0.053513
21,OMP,0.002480,38,0.000000,7.715256,38,22.67,0.000000,0.588398,0.267051,0.524306
21,LASSO-ADMM,0.002341,100,0.003731,7.309156,37,19.53,0.085078,0.844552,0.673953,0.508975
22,ASL-SR-DPT,0.005930,144,0.218724,7.794542,44,32.49,0.218724,0.189908,0.157909,0.105498
22,OMP,0.002449,38,0.000000,7.793870,38,26.89,0.000000,0.361976,0.165461,0.321946
22,LASSO-ADMM,0.002334,100,0.002127,7.405050,33,20.28,0.064396,0.774177,0.566243,0.527938
23,ASL-SR-DPT,0.005762,145,0.242412,7.755339,49,31.28,0.242412,0.218353,0.185347,0.115432
23,OMP,0.002455,38,0.000000,7.768161,38,26.58,0.000000,0.375221,0.180738,0.328824
23,LASSO-ADMM,0.002581,100,0.003031,7.474262,35,21.93,0.073469,0.640722,0.478574,0.426019
24,ASL-SR-DPT,0.005714,142,0.265422,7.640079,49,28.18,0.265422,0.311798,0.284431,0.127738
24,OMP,0.003402,38,0.000000,7.721040,38,26.14,0.000000,0.394604,0.212157,0.332718
24,LASSO-ADMM,0.002306,100,0.002312,7.433207,36,21.71,0.078554,0.656895,0.503455,0.421953
25,ASL-SR-DPT,0.005416,142,0.225087,7.641809,49,27.77,0.225087,0.327080,0.234662,0.227849
25,OMP,0.002526,38,0.000000,7.607786,38,22.77,0.000000,0.581458,0.285571,0.506501
25,LASSO-ADMM,0.002315,100,0.002873,7.353983,36,20.92,0.071199,0.719340,0.536904,0.478731
26,ASL-SR-DPT,0.005461,142,0.275041,7.676811,53,27.81,0.275041,0.325414,0.177601,0.272676
26,OMP,0.002553,38,0.000000,7.706710,38,26.33,0.000000,0.385869,0.158057,0.352013
26,LASSO-ADMM,0.002726,100,0.004998,7.372169,36,20.59,0.075901,0.747848,0.499066,0.556965
27,ASL-SR-DPT,0.005719,150,0.319290,7.653538,53,27.25,0.319290,0.347151,0.217050,0.270930
27,OMP,0.003048,37,0.000045,7.702932,37,25.48,0.000045,0.425750,0.178693,0.386435
27,LASSO-ADMM,0.002314,100,0.004999,7.362427,31,20.55,0.084921,0.750804,0.525726,0.536021
28,ASL-SR-DPT,0.005486,144,0.313052,7.739607,51,28.35,0.313052,0.306067,0.146668,0.268637
28,OMP,0.002447,38,0.000000,7.745570,38,24.82,0.000000,0.459339,0.151112,0.433771
28,LASSO-ADMM,0.002322,100,0.002194,7.448700,38,21.28,0.074483,0.690088,0.452411,0.521100
29,ASL-SR-DPT,0.005478,142,0.256290,7.682475,53,27.89,0.256290,0.322462,0.260172,0.190505
29,OMP,0.002445,38,0.000000,7.838135,38,24.79,0.000000,0.460782,0.117508,0.445547
29,LASSO-ADMM,0.002321,100,0.006263,7.413706,37,20.77,0.080644,0.732513,0.543667,0.490919
30,ASL-SR-DPT,0.006544,142,0.203248,7.833600,48,34.24,0.203248,0.155260,0.152675,0.028215
30,OMP,0.002520,38,0.000000,7.862815,38,27.11,0.000000,0.352652,0.130109,0.327773
30,LASSO-ADMM,0.002311,100,0.002715,7.528490,30,21.63,0.069294,0.662755,0.472308,0.464940
31,ASL-SR-DPT,0.005319,142,0.204255,7.730948,48,29.65,0.204255,0.263270,0.262679,0.017628
31,OMP,0.002327,37,0.000013,7.833427,37,26.47,0.000013,0.379712,0.167690,0.340678
31,LASSO-ADMM,0.002503,100,0.004876,7.448409,31,20.80,0.073661,0.729467,0.559989,0.467477
32,ASL-SR-DPT,0.005655,142,0.229500,7.755299,48,30.29,0.229500,0.244701,0.244701,0.000266
32,OMP,0.002529,36,0.000024,7.837200,36,24.78,0.000024,0.461162,0.174436,0.426899
32,LASSO-ADMM,0.002642,100,0.001945,7.455426,40,20.55,0.078263,0.750899,0.561279,0.498813
33,ASL-SR-DPT,0.005418,142,0.250652,7.792589,54,31.73,0.250652,0.207411,0.207411,0.000327
33,OMP,0.002507,38,0.000000,7.820951,38,25.66,0.000000,0.416961,0.187912,0.372217
33,LASSO-ADMM,0.002972,100,0.004092,7.482329,37,21.26,0.080640,0.691926,0.530844,0.443808
34,ASL-SR-DPT,0.005215,142,0.231346,7.830379,50,33.47,0.231346,0.169621,0.169621,0.000287
34,OMP,0.002746,38,0.000000,7.858798,38,27.43,0.000000,0.340198,0.147189,0.306709
34,LASSO-ADMM,0.002571,100,0.001871,7.483359,36,21.27,0.079327,0.691565,0.529850,0.444434
35,ASL-SR-DPT,0.005513,142,0.147319,7.771766,44,30.89,0.147319,0.228234,0.228234,0.000167
35,OMP,0.002625,38,0.000000,7.779570,38,26.11,0.000000,0.395939,0.227191,0.324271
35,LASSO-ADMM,0.002340,100,0.002194,7.514250,36,22.18,0.072536,0.622383,0.495213,0.376994
36,ASL-SR-DPT,0.005754,142,0.171108,7.715029,45,28.97,0.171108,0.284971,0.284971,0.000200
36,OMP,0.002478,37,0.000022,7.702068,37,25.44,0.000022,0.427821,0.303824,0.301201
36,LASSO-ADMM,0.002370,100,0.002120,7.450834,30,21.17,0.060321,0.699074,0.560861,0.417301
37,ASL-SR-DPT,0.005247,142,0.188738,7.824057,48,33.15,0.188738,0.175943,0.175943,0.000214
37,OMP,0.002698,38,0.000000,7.869810,38,26.34,0.000000,0.385542,0.138421,0.359836
37,LASSO-ADMM,0.002725,100,0.003173,7.469168,32,20.73,0.074041,0.735689,0.547048,0.491911
38,ASL-SR-DPT,0.005192,143,0.195891,7.746516,51,29.98,0.195891,0.253484,0.253484,0.000252
38,OMP,0.003433,38,0.000000,7.838302,38,28.03,0.000000,0.317248,0.166354,0.270134
38,LASSO-ADMM,0.002651,100,0.003665,7.456927,33,20.99,0.072691,0.713677,0.556473,0.446847
39,ASL-SR-DPT,0.005184,142,0.209249,7.753274,54,30.22,0.209249,0.246726,0.246726,0.000235
39,OMP,0.003319,38,0.000000,7.802521,38,25.84,0.000000,0.408410,0.205467,0.352962
39,LASSO-ADMM,0.003296,100,0.003443,7.462599,30,21.27,0.068837,0.690796,0.549176,0.419052
40,ASL-SR-DPT,0.006592,143,0.170141,7.722743,44,29.20,0.170141,0.277257,0.277257,0.000191
40,OMP,0.002937,37,0.000006,7.858594,37,27.12,0.000006,0.352262,0.147912,0.319704
40,LASSO-ADMM,0.004009,100,0.002152,7.453876,30,21.27,0.077132,0.691186,0.557342,0.408789
41,ASL-SR-DPT,0.006747,142,0.181240,7.788461,43,31.55,0.181240,0.211539,0.211539,0.000212
41,OMP,0.003670,37,0.000028,7.834954,37,28.57,0.000028,0.298371,0.168907,0.245958
41,LASSO-ADMM,0.002507,100,0.001779,7.489905,37,21.22,0.073616,0.695027,0.524024,0.456576
42,ASL-SR-DPT,0.005227,142,0.193359,7.828284,41,33.37,0.193359,0.171717,0.171716,0.000216
42,OMP,0.002990,38,0.000000,7.878122,38,26.77,0.000000,0.366912,0.129364,0.343351
42,LASSO-ADMM,0.003386,100,0.002127,7.487544,34,20.75,0.069632,0.734071,0.529722,0.508188
43,ASL-SR-DPT,0.005653,142,0.205105,7.801299,51,32.10,0.205105,0.198701,0.198701,0.000284
43,OMP,0.002600,38,0.000000,7.792002,38,25.37,0.000000,0.431164,0.216913,0.372628
43,LASSO-ADMM,0.002910,100,0.002421,7.493607,31,21.30,0.071880,0.688477,0.519991,0.451232
44,ASL-SR-DPT,0.005438,142,0.234636,7.728840,56,29.40,0.234636,0.271161,0.271160,0.000302
44,OMP,0.002364,37,0.000037,7.751174,37,24.32,0.000037,0.486745,0.259764,0.411635
44,LASSO-ADMM,0.002555,100,0.001957,7.458041,36,21.22,0.072155,0.695020,0.553792,0.419961
45,ASL-SR-DPT,0.005435,141,0.485202,7.584247,52,21.93,0.485202,0.640647,0.209381,0.605465
45,OMP,0.002468,38,0.000000,7.646460,38,18.56,0.000000,0.944544,0.208320,0.921285
45,LASSO-ADMM,0.002353,100,0.001650,7.152358,37,18.30,0.090075,0.973432,0.676650,0.699796
46,ASL-SR-DPT,0.005237,142,0.507558,7.400143,58,20.19,0.507558,0.783011,0.385051,0.681793
46,OMP,0.002418,38,0.000000,7.618873,38,22.84,0.000000,0.576766,0.193515,0.543333
46,LASSO-ADMM,0.002694,100,0.002329,7.097720,41,17.99,0.108559,1.008302,0.722401,0.703428
47,ASL-SR-DPT,0.005119,141,0.423450,7.420836,59,21.22,0.423450,0.694807,0.350733,0.599786
47,OMP,0.002974,38,0.000000,7.589989,38,23.98,0.000000,0.505852,0.211727,0.459410
47,LASSO-ADMM,0.003594,100,0.003682,7.134648,42,18.30,0.092932,0.973218,0.664593,0.710964
48,ASL-SR-DPT,0.005141,142,0.420185,7.438010,58,21.40,0.420185,0.680688,0.326206,0.597432
48,OMP,0.002568,38,0.000000,7.595443,38,21.38,0.000000,0.682111,0.194150,0.653898
48,LASSO-ADMM,0.002467,100,0.005100,7.153942,41,18.39,0.091929,0.963135,0.630730,0.727880
49,ASL-SR-DPT,0.005744,142,0.210894,7.807077,49,33.45,0.210894,0.170140,0.142923,0.092308
49,OMP,0.002362,37,0.000027,7.879096,37,26.60,0.000027,0.374324,0.078690,0.365959
49,LASSO-ADMM,0.004559,100,0.004176,7.503387,32,22.02,0.072330,0.634226,0.459078,0.437596
50,ASL-SR-DPT,0.005362,141,0.458562,7.265511,57,20.00,0.458562,0.799986,0.113327,0.791919
50,OMP,0.002427,38,0.000000,7.284401,38,21.74,0.000000,0.654767,0.137680,0.640128
50,LASSO-ADMM,0.002555,100,0.003052,6.970519,42,18.49,0.098302,0.952079,0.437579,0.845564
51,ASL-SR-DPT,0.005709,150,0.744807,6.427865,59,18.37,0.744807,0.965552,0.003535,0.965545
51,OMP,0.002414,38,0.000000,6.530025,38,20.20,0.000000,0.782093,0.024755,0.781701
51,LASSO-ADMM,0.002443,100,0.000756,6.016922,39,16.27,0.072371,1.228931,0.438413,1.148071
52,ASL-SR-DPT,0.005145,135,0.637138,5.404553,55,18.79,0.637138,0.919457,0.026801,0.919066
52,OMP,0.002426,38,0.000000,5.474110,38,20.47,0.000000,0.757801,0.106588,0.750267
52,LASSO-ADMM,0.003085,100,0.000998,5.279145,34,20.17,0.084283,0.784760,0.069877,0.781643
53,ASL-SR-DPT,0.005772,150,0.865767,3.862205,59,17.86,0.865767,1.023117,0.198913,1.003595
53,OMP,0.002427,38,0.000000,4.361217,38,14.99,0.000000,1.424711,0.011412,1.424665
53,LASSO-ADMM,0.002413,100,0.000322,3.803263,41,19.24,0.101209,0.872994,0.354772,0.797657
54,ASL-SR-DPT,0.005042,128,0.480165,3.820595,52,22.86,0.480165,0.575790,0.093634,0.568125
54,OMP,0.002425,38,0.000000,3.870000,38,21.00,0.000000,0.712669,0.062276,0.709943
54,LASSO-ADMM,0.002638,100,0.000421,3.686914,32,23.69,0.084036,0.523107,0.083800,0.516351
55,ASL-SR-DPT,0.005606,131,0.842556,4.012220,60,20.60,0.842556,0.746477,0.017682,0.746268
55,OMP,0.002954,38,0.000000,4.026503,38,18.64,0.000000,0.935887,0.153139,0.923273
55,LASSO-ADMM,0.002288,100,0.000421,3.940366,33,22.27,0.089348,0.616285,0.173791,0.591273
56,ASL-SR-DPT,0.005366,133,0.649511,4.366154,56,20.48,0.649511,0.756947,0.136787,0.744485
56,OMP,0.002351,37,0.000029,4.713130,37,20.90,0.000029,0.721479,0.124196,0.710709
56,LASSO-ADMM,0.002317,100,0.000843,4.422579,31,22.14,0.100986,0.624963,0.126092,0.612111
57,ASL-SR-DPT,0.005171,133,0.639182,4.829277,56,22.91,0.639182,0.572231,0.111630,0.561237
57,OMP,0.002576,37,0.000034,4.901749,37,20.31,0.000034,0.772366,0.089735,0.767135
57,LASSO-ADMM,0.002290,100,0.001211,4.684310,36,23.89,0.078867,0.511359,0.074671,0.505878
58,ASL-SR-DPT,0.005129,134,0.704973,4.881925,59,21.70,0.704973,0.657470,0.247611,0.609061
58,OMP,0.002610,38,0.000000,4.882265,38,20.33,0.000000,0.770439,0.143214,0.757011
58,LASSO-ADMM,0.002279,100,0.000918,4.648894,38,24.68,0.076973,0.466650,0.053168,0.463611
59,ASL-SR-DPT,0.004706,130,0.406444,4.425252,52,26.33,0.406444,0.386175,0.048640,0.383099
59,OMP,0.002713,38,0.000000,4.417827,38,23.55,0.000000,0.531389,0.016665,0.531128
59,LASSO-ADMM,0.002345,100,0.001239,4.240324,32,23.79,0.084278,0.517221,0.140879,0.497665
60,ASL-SR-DPT,0.004931,129,0.635089,3.697953,59,21.35,0.635089,0.684890,0.363321,0.580579
60,OMP,0.002721,38,0.000000,4.199710,38,19.40,0.000000,0.857233,0.006826,0.857206
60,LASSO-ADMM,0.002283,100,0.001121,3.862312,33,22.92,0.090427,0.571873,0.249269,0.514689
61,ASL-SR-DPT,0.004714,129,0.658282,3.971862,61,23.01,0.658282,0.565396,0.093335,0.557640
61,OMP,0.004142,38,0.000000,3.978148,38,22.73,0.000000,0.584227,0.180097,0.555775
61,LASSO-ADMM,0.002295,100,0.002866,3.913203,37,24.51,0.078065,0.476177,0.206244,0.429194
62,ASL-SR-DPT,0.004735,132,0.731595,4.285939,62,21.93,0.731595,0.640785,0.027116,0.640211
62,OMP,0.002912,38,0.000000,4.427402,38,19.76,0.000000,0.822856,0.077289,0.819219
62,LASSO-ADMM,0.002367,100,0.000637,4.221243,41,23.05,0.076022,0.562827,0.095428,0.554678
63,ASL-SR-DPT,0.004858,133,0.519796,4.790657,60,21.44,0.519796,0.678132,0.123010,0.666882
63,OMP,0.002441,37,0.000012,5.001857,37,18.73,0.000012,0.926321,0.239369,0.894859
63,LASSO-ADMM,0.002296,100,0.001581,4.631197,31,20.50,0.088820,0.755268,0.071286,0.751896
64,ASL-SR-DPT,0.004823,133,0.555937,4.848590,55,22.70,0.555937,0.586560,0.024080,0.586066
64,OMP,0.002475,38,0.000000,4.936012,38,20.02,0.000000,0.798108,0.041772,0.797014
64,LASSO-ADMM,0.002301,100,0.000560,4.666720,38,21.43,0.077572,0.678900,0.193737,0.650669
65,ASL-SR-DPT,0.005015,133,0.550342,4.777791,57,21.78,0.550342,0.651589,0.158483,0.632021
65,OMP,0.002453,38,0.000000,5.003181,38,20.33,0.000000,0.770581,0.013610,0.770461
65,LASSO-ADMM,0.002326,100,0.000496,4.778186,32,22.38,0.080965,0.608588,0.198190,0.575412
66,ASL-SR-DPT,0.004929,134,0.695220,5.028679,61,19.89,0.695220,0.810428,0.221321,0.779622
66,OMP,0.002452,38,0.000000,5.255909,38,19.44,0.000000,0.852908,0.067337,0.850245
66,LASSO-ADMM,0.002286,100,0.001063,4.989095,35,19.32,0.072232,0.864874,0.315566,0.805249
67,ASL-SR-DPT,0.005419,150,0.542660,5.717485,59,21.08,0.542660,0.706641,0.233134,0.667076
67,OMP,0.002442,38,0.000000,5.847572,38,21.80,0.000000,0.650075,0.165090,0.628763
67,LASSO-ADMM,0.002279,100,0.002277,5.542620,35,19.62,0.094539,0.835507,0.431494,0.715462
68,ASL-SR-DPT,0.005461,150,0.476394,6.631581,55,22.28,0.476394,0.615259,0.013373,0.615113
68,OMP,0.002456,38,0.000000,6.736014,38,21.31,0.000000,0.688306,0.049294,0.686538
68,LASSO-ADMM,0.002703,100,0.002843,6.250690,37,19.43,0.101569,0.854313,0.403361,0.753095
69,ASL-SR-DPT,0.005040,140,0.557369,7.086379,60,18.71,0.557369,0.928077,0.200385,0.906186
69,OMP,0.002415,38,0.000000,7.200419,38,23.32,0.000000,0.545939,0.138101,0.528183
69,LASSO-ADMM,0.002298,100,0.004412,6.752964,33,18.57,0.098369,0.943510,0.575906,0.747357
70,ASL-SR-DPT,0.005137,142,0.301188,7.678685,51,27.14,0.301188,0.351817,0.108570,0.334646
70,OMP,0.002421,38,0.000000,7.783537,38,23.52,0.000000,0.533746,0.022692,0.533264
70,LASSO-ADMM,0.002274,100,0.003492,7.344100,33,21.11,0.087811,0.703973,0.462422,0.530795
71,ASL-SR-DPT,0.005117,142,0.291522,7.693988,52,28.25,0.291522,0.309278,0.178071,0.252871
71,OMP,0.002684,38,0.000000,7.726697,38,25.17,0.000000,0.440956,0.155964,0.412453
71,LASSO-ADMM,0.002328,100,0.002013,7.318785,36,20.14,0.086598,0.787627,0.571499,0.541982
72,ASL-SR-DPT,0.005537,144,0.354365,7.650797,51,26.33,0.354365,0.386181,0.230575,0.309791
72,OMP,0.002505,38,0.000000,7.700665,38,23.67,0.000000,0.524037,0.198445,0.485009
72,LASSO-ADMM,0.002285,100,0.007166,7.349637,38,19.82,0.077500,0.816563,0.557782,0.596369
73,ASL-SR-DPT,0.005137,142,0.283962,7.696814,51,26.89,0.283962,0.362089,0.195343,0.304876
73,OMP,0.002493,38,0.000000,7.807822,38,24.60,0.000000,0.471083,0.096049,0.461188
73,LASSO-ADMM,0.002282,100,0.002859,7.343543,36,19.72,0.075849,0.826635,0.567728,0.600842
74,ASL-SR-DPT,0.005307,142,0.341332,7.652168,55,26.29,0.341332,0.387577,0.239989,0.304338
74,OMP,0.002820,38,0.000000,7.730329,38,24.87,0.000000,0.456750,0.178264,0.420527
74,LASSO-ADMM,0.002321,100,0.004358,7.332601,33,19.64,0.085052,0.833801,0.582476,0.596611
75,ASL-SR-DPT,0.005121,142,0.531533,7.647062,61,21.71,0.531533,0.656885,0.105389,0.648376
75,OMP,0.002268,37,0.000048,7.653278,37,19.76,0.000048,0.822538,0.133790,0.811584
75,LASSO-ADMM,0.002294,100,0.000923,7.208385,43,18.09,0.085692,0.996955,0.586745,0.806009
76,ASL-SR-DPT,0.005051,140,0.762307,7.056921,57,18.08,0.762307,0.998152,0.036980,0.997466
76,OMP,0.002533,38,0.000000,7.054957,38,20.57,0.000000,0.749542,0.122602,0.739447
76,LASSO-ADMM,0.002273,100,0.000714,6.606760,43,17.15,0.091231,1.110953,0.534120,0.974131
77,ASL-SR-DPT,0.005003,138,0.643316,6.257864,61,18.74,0.643316,0.925235,0.181270,0.907304
77,OMP,0.002713,38,0.000000,6.483180,38,16.72,0.000000,1.167154,0.060625,1.165578
77,LASSO-ADMM,0.002332,100,0.002171,6.028839,37,17.90,0.096282,1.018643,0.428099,0.924319
78,ASL-SR-DPT,0.005366,150,0.652409,6.159478,59,18.11,0.652409,0.994885,0.294360,0.950341
78,OMP,0.002437,38,0.000000,6.230975,38,19.68,0.000000,0.829719,0.248898,0.791507
78,LASSO-ADMM,0.002293,100,0.001238,5.722020,42,20.66,0.097381,0.741692,0.187779,0.717528
79,ASL-SR-DPT,0.005319,135,0.524926,5.292976,60,20.33,0.524926,0.770372,0.158495,0.753892
79,OMP,0.002457,38,0.000000,5.559568,38,20.31,0.000000,0.772238,0.012148,0.772143
79,LASSO-ADMM,0.002278,100,0.001025,5.168344,40,21.06,0.102495,0.707744,0.323336,0.629568
80,ASL-SR-DPT,0.005446,138,0.672048,5.537408,63,20.97,0.672048,0.715249,0.339062,0.629776
80,OMP,0.002402,38,0.000000,5.843165,38,21.27,0.000000,0.691139,0.111133,0.682146
80,LASSO-ADMM,0.002343,100,0.001087,5.563057,33,20.85,0.087961,0.725256,0.351833,0.634200
81,ASL-SR-DPT,0.005443,137,0.547874,6.007458,58,24.51,0.547874,0.476216,0.175385,0.442744
81,OMP,0.002439,38,0.000000,6.101778,38,20.53,0.000000,0.752765,0.135154,0.740532
81,LASSO-ADMM,0.002304,100,0.001519,5.777600,28,21.71,0.089490,0.656866,0.433974,0.493093
82,ASL-SR-DPT,0.005565,138,0.442645,6.361828,56,26.13,0.442645,0.394981,0.065749,0.389470
82,OMP,0.002412,38,0.000000,6.373574,38,20.77,0.000000,0.731881,0.037609,0.730914
82,LASSO-ADMM,0.002282,100,0.001125,6.119732,35,23.46,0.069772,0.536944,0.201079,0.497871
83,ASL-SR-DPT,0.005562,138,0.552842,6.390284,59,27.38,0.552842,0.342187,0.030970,0.340782
83,OMP,0.002468,38,0.000000,6.359234,38,19.66,0.000000,0.832180,0.063385,0.829762
83,LASSO-ADMM,0.002332,100,0.001659,6.079908,36,21.44,0.068018,0.677889,0.309362,0.603182
84,ASL-SR-DPT,0.007497,138,0.417157,6.169872,60,26.17,0.417157,0.393063,0.168363,0.355180
84,OMP,0.002442,38,0.000000,6.361992,38,21.59,0.000000,0.666370,0.003526,0.666360
84,LASSO-ADMM,0.002300,100,0.001480,6.101529,36,23.94,0.095939,0.508015,0.250801,0.441790
85,ASL-SR-DPT,0.008847,140,0.618796,6.503485,58,21.66,0.618796,0.661129,0.141123,0.645891
85,OMP,0.002437,38,0.000000,6.568676,38,17.58,0.000000,1.057494,0.152046,1.046507
85,LASSO-ADMM,0.002280,100,0.002221,6.267273,43,19.89,0.088578,0.809843,0.413040,0.696595
86,ASL-SR-DPT,0.006728,140,0.722230,6.706936,58,20.01,0.722230,0.799025,0.242083,0.761470
86,OMP,0.002436,38,0.000000,6.843715,38,21.98,0.000000,0.636772,0.166096,0.614729
86,LASSO-ADMM,0.002309,100,0.002056,6.450242,34,19.64,0.080246,0.834098,0.546296,0.630301
87,ASL-SR-DPT,0.006928,141,0.489266,7.238042,52,21.12,0.489266,0.702948,0.142350,0.688384
87,OMP,0.002639,38,0.000000,7.383557,38,21.30,0.000000,0.688599,0.035165,0.687700
87,LASSO-ADMM,0.002290,100,0.002704,6.922692,33,18.80,0.093695,0.918030,0.490484,0.776018
88,ASL-SR-DPT,0.005478,142,0.375229,7.569963,51,25.51,0.375229,0.424298,0.186410,0.381157
88,OMP,0.002511,38,0.000000,7.595594,38,21.41,0.000000,0.679742,0.188597,0.653055
88,LASSO-ADMM,0.002285,100,0.005386,7.192736,36,19.42,0.087556,0.855053,0.589547,0.619315
89,ASL-SR-DPT,0.005206,142,0.325700,7.717514,50,27.21,0.325700,0.348846,0.140329,0.319376
89,OMP,0.002231,36,0.000006,7.755210,36,22.97,0.000006,0.568512,0.123376,0.554964
89,LASSO-ADMM,0.002451,100,0.007313,7.402144,33,21.36,0.077302,0.684191,0.474675,0.492749
90,ASL-SR-DPT,0.006254,142,0.277828,7.861176,52,34.49,0.277828,0.150877,0.070687,0.133293
90,OMP,0.002643,38,0.000000,7.762247,38,24.63,0.000000,0.469511,0.181970,0.432813
90,LASSO-ADMM,0.002292,100,0.002517,7.434296,38,20.41,0.067893,0.762886,0.519434,0.558734
91,ASL-SR-DPT,0.005618,142,0.317069,7.790210,57,31.28,0.317069,0.218424,0.115672,0.185281
91,OMP,0.002338,37,0.000035,7.733107,37,25.38,0.000035,0.430504,0.183312,0.389526
91,LASSO-ADMM,0.002298,100,0.002847,7.417537,38,20.57,0.078016,0.749377,0.507926,0.550978
92,ASL-SR-DPT,0.005521,141,0.533455,7.473159,59,22.23,0.533455,0.618964,0.261155,0.561172
92,OMP,0.002288,37,0.000035,7.611675,37,21.22,0.000035,0.695347,0.161804,0.676259
92,LASSO-ADMM,0.003862,100,0.001104,7.157047,41,18.36,0.077080,0.966621,0.607421,0.751929
93,ASL-SR-DPT,0.005416,141,0.469735,7.391982,56,20.76,0.469735,0.733230,0.263173,0.684373
93,OMP,0.002452,38,0.000000,7.553188,38,22.34,0.000000,0.611358,0.140858,0.594910
93,LASSO-ADMM,0.002937,100,0.002050,7.010675,45,17.21,0.093252,1.103161,0.679116,0.869348
94,ASL-SR-DPT,0.005182,141,0.410673,7.269456,54,20.81,0.410673,0.728522,0.372211,0.626261
94,OMP,0.002423,38,0.000000,7.409052,38,23.21,0.000000,0.552516,0.259337,0.487872
94,LASSO-ADMM,0.002753,100,0.005628,7.003407,35,18.72,0.100491,0.926995,0.662673,0.648216
95,ASL-SR-DPT,0.005882,142,0.479366,7.321914,57,21.26,0.479366,0.692332,0.306518,0.620782
95,OMP,0.002408,38,0.000000,7.496713,38,21.33,0.000000,0.686177,0.161087,0.667000
95,LASSO-ADMM,0.002299,100,0.003642,7.038593,34,18.29,0.093190,0.974117,0.617207,0.753631
96,ASL-SR-DPT,0.005725,142,0.387260,7.652115,55,26.10,0.387260,0.396407,0.135630,0.372482
96,OMP,0.002440,38,0.000000,7.654886,38,25.27,0.000000,0.435997,0.151716,0.408749
96,LASSO-ADMM,0.002332,100,0.003852,7.258240,36,20.13,0.078199,0.788242,0.549497,0.565136
97,ASL-SR-DPT,0.005251,142,0.247745,7.735909,50,30.20,0.247745,0.247351,0.118503,0.217117
97,OMP,0.002147,36,0.000042,7.685801,36,26.70,0.000042,0.369724,0.174108,0.326162
97,LASSO-ADMM,0.002341,100,0.002360,7.372444,32,21.20,0.073250,0.696977,0.496028,0.489625
98,ASL-SR-DPT,0.005458,145,0.226750,7.720038,52,30.63,0.226750,0.235244,0.152511,0.179109
98,OMP,0.002401,38,0.000000,7.845196,38,25.65,0.000000,0.417448,0.036416,0.415857
98,LASSO-ADMM,0.002285,100,0.003117,7.451495,39,21.04,0.085162,0.710078,0.439283,0.557890
99,ASL-SR-DPT,0.005557,142,0.392903,7.609862,56,24.37,0.392903,0.483714,0.179354,0.449234
99,OMP,0.002481,38,0.000000,7.524177,38,22.15,0.000000,0.624352,0.286860,0.554551
99,LASSO-ADMM,0.002277,100,0.005046,7.290461,35,19.33,0.073608,0.863832,0.524022,0.686737
100,ASL-SR-DPT,0.005589,141,0.599136,7.272339,58,20.42,0.599136,0.762120,0.342857,0.680643
100,OMP,0.002272,37,0.000060,7.401407,37,23.29,0.000060,0.547701,0.251345,0.486623
100,LASSO-ADMM,0.002336,100,0.001961,6.950405,39,17.19,0.082922,1.104953,0.712300,0.844719
101,ASL-SR-DPT,0.005161,141,0.559219,7.218260,58,19.94,0.559219,0.805762,0.272427,0.758312
101,OMP,0.002395,38,0.000000,7.419680,38,19.93,0.000000,0.806199,0.143910,0.793250
101,LASSO-ADMM,0.002301,100,0.002900,6.893427,35,17.38,0.106183,1.081641,0.641742,0.870698
102,ASL-SR-DPT,0.005683,141,0.585113,7.028669,58,19.40,0.585113,0.856776,0.352704,0.780811
102,OMP,0.002412,38,0.000000,7.281190,38,19.19,0.000000,0.878585,0.186334,0.858599
102,LASSO-ADMM,0.002324,100,0.000999,6.746194,39,17.39,0.106102,1.080200,0.674385,0.843823
103,ASL-SR-DPT,0.005281,141,0.695590,7.195029,61,19.75,0.695590,0.823442,0.099089,0.817458
103,OMP,0.002392,38,0.000000,7.211062,38,21.07,0.000000,0.707510,0.140733,0.693372
103,LASSO-ADMM,0.002328,100,0.003820,6.866051,37,18.76,0.084829,0.923034,0.472710,0.792803
104,ASL-SR-DPT,0.005710,141,0.629798,7.203370,61,20.20,0.629798,0.781997,0.086336,0.777216
104,OMP,0.002409,38,0.000000,7.253622,38,18.07,0.000000,0.998846,0.128831,0.990503
104,LASSO-ADMM,0.002281,100,0.001510,6.868732,43,19.46,0.094959,0.850954,0.464186,0.713200
105,ASL-SR-DPT,0.005227,140,0.764561,6.935800,61,18.69,0.764561,0.930611,0.172533,0.914478
105,OMP,0.002408,38,0.000000,7.167519,38,17.50,0.000000,1.066383,0.012772,1.066307
105,LASSO-ADMM,0.002292,100,0.003038,6.586137,48,17.77,0.103772,1.033618,0.575626,0.858500
106,ASL-SR-DPT,0.005261,140,0.647750,6.939935,61,18.65,0.647750,0.934552,0.164477,0.919965
106,OMP,0.002411,38,0.000000,7.053430,38,16.33,0.000000,1.220373,0.159912,1.209851
106,LASSO-ADMM,0.002314,100,0.001529,6.555230,42,16.73,0.084968,1.166255,0.612656,0.992372
107,ASL-SR-DPT,0.005119,139,0.789111,6.668789,61,17.07,0.789111,1.121297,0.251309,1.092772
107,OMP,0.002428,38,0.000000,6.758702,38,14.42,0.000000,1.520747,0.381257,1.472180
107,LASSO-ADMM,0.002305,100,0.002410,6.306462,40,16.00,0.103530,1.268199,0.701886,1.056259
108,ASL-SR-DPT,0.005145,138,1.068649,6.406331,62,16.08,1.068649,1.256581,0.001512,1.256580
108,OMP,0.002439,38,0.000000,6.512842,38,17.27,0.000000,1.095146,0.031963,1.094680
108,LASSO-ADMM,0.002337,100,0.003722,5.972137,40,16.38,0.072769,1.213358,0.541843,1.085654
109,ASL-SR-DPT,0.005394,137,0.634976,5.991719,61,19.37,0.634976,0.860044,0.100539,0.854147
109,OMP,0.002982,38,0.000000,6.252117,38,17.25,0.000000,1.097811,0.056486,1.096356
109,LASSO-ADMM,0.002687,100,0.000668,5.678296,41,18.50,0.098829,0.950886,0.452971,0.836063
110,ASL-SR-DPT,0.004953,135,0.748090,5.379817,60,18.23,0.748090,0.980379,0.044033,0.979390
110,OMP,0.002859,38,0.000000,5.202095,38,18.07,0.000000,0.998574,0.282947,0.957649
110,LASSO-ADMM,0.002390,100,0.001958,5.046979,35,19.49,0.078718,0.848760,0.354152,0.771343
111,ASL-SR-DPT,0.004734,134,0.570581,5.045519,62,24.21,0.570581,0.492823,0.103853,0.481757
111,OMP,0.002604,38,0.000000,5.281900,38,19.36,0.000000,0.860880,0.265382,0.818954
111,LASSO-ADMM,0.002544,100,0.002079,4.913078,34,21.49,0.089796,0.673642,0.069867,0.670010
112,ASL-SR-DPT,0.005241,133,0.574908,4.879998,60,23.64,0.574908,0.526269,0.061669,0.522644
112,OMP,0.002493,38,0.000000,4.934493,38,18.91,0.000000,0.907216,0.087147,0.903021
112,LASSO-ADMM,0.002433,100,0.000510,4.612801,36,20.78,0.081875,0.731064,0.372314,0.629156
113,ASL-SR-DPT,0.004901,134,0.639725,4.826191,59,24.55,0.639725,0.473899,0.079201,0.467234
113,OMP,0.003858,38,0.000000,4.808687,38,19.83,0.000000,0.815523,0.184925,0.794280
113,LASSO-ADMM,0.002455,100,0.000883,4.633601,38,21.59,0.073740,0.666178,0.310368,0.589462
114,ASL-SR-DPT,0.005237,133,0.435150,4.926332,59,24.57,0.435150,0.472681,0.064354,0.468279
114,OMP,0.002624,38,0.000000,4.910087,38,21.93,0.000000,0.640426,0.120856,0.628919
114,LASSO-ADMM,0.002358,100,0.001135,4.747061,32,22.48,0.083996,0.601272,0.265390,0.539533
115,ASL-SR-DPT,0.004917,133,0.567715,4.727695,59,22.11,0.567715,0.627473,0.113481,0.617126
115,OMP,0.002777,38,0.000000,4.807569,38,19.92,0.000000,0.807483,0.107961,0.800234
115,LASSO-ADMM,0.002339,100,0.000464,4.614027,35,21.31,0.090254,0.687647,0.266389,0.633952
116,ASL-SR-DPT,0.005474,132,0.530548,4.465678,56,21.77,0.530548,0.652798,0.177460,0.628214
116,OMP,0.002468,38,0.000000,4.634146,38,20.94,0.000000,0.718284,0.082667,0.713511
116,LASSO-ADMM,0.002305,100,0.001010,4.441506,33,23.14,0.090343,0.557179,0.235538,0.504946
117,ASL-SR-DPT,0.004806,132,0.561793,4.411200,59,21.90,0.561793,0.642539,0.143702,0.626263
117,OMP,0.002469,38,0.000000,4.555345,38,20.50,0.000000,0.755654,0.074137,0.752008
117,LASSO-ADMM,0.002369,100,0.001213,4.331874,43,21.66,0.090082,0.660794,0.264164,0.605695
118,ASL-SR-DPT,0.005023,131,0.515427,4.413844,54,21.26,0.515427,0.692146,0.109195,0.683478
118,OMP,0.002484,38,0.000000,4.457962,38,17.91,0.000000,1.018094,0.153742,1.006419
118,LASSO-ADMM,0.002465,100,0.000328,4.277973,39,20.92,0.094761,0.719976,0.279890,0.663345
119,ASL-SR-DPT,0.004761,132,0.667974,4.435618,61,21.94,0.667974,0.640223,0.082519,0.634883
119,OMP,0.002452,38,0.000000,4.582554,38,16.87,0.000000,1.147552,0.082726,1.144566
119,LASSO-ADMM,0.002353,100,0.001055,4.311889,33,21.57,0.082851,0.667367,0.259228,0.614963
120,ASL-SR-DPT,0.004733,131,0.733278,4.407998,62,20.89,0.733278,0.722468,0.078766,0.718162
120,OMP,0.002546,38,0.000000,4.538008,38,18.41,0.000000,0.960497,0.041741,0.959589
120,LASSO-ADMM,0.002343,100,0.000904,4.207128,33,19.83,0.084839,0.815981,0.360666,0.731946
121,ASL-SR-DPT,0.005647,132,0.818252,4.651818,57,18.40,0.818252,0.961727,0.148387,0.950211
121,OMP,0.002514,38,0.000000,4.759803,38,18.44,0.000000,0.957555,0.118892,0.950145
121,LASSO-ADMM,0.002312,100,0.000753,4.516730,37,21.32,0.081325,0.687162,0.058300,0.684684
122,ASL-SR-DPT,0.005407,134,0.659544,4.546935,61,17.69,0.659544,1.043572,0.056406,1.042047
122,OMP,0.002450,38,0.000000,4.604609,38,17.76,0.000000,1.035680,0.091368,1.031642
122,LASSO-ADMM,0.002300,100,0.000456,4.299807,35,18.31,0.099785,0.971549,0.344030,0.908598
123,ASL-SR-DPT,0.005459,132,0.948074,4.438830,57,16.35,0.948074,1.217970,0.066281,1.216165
123,OMP,0.002454,38,0.000000,4.603591,38,15.61,0.000000,1.326477,0.040418,1.325861
123,LASSO-ADMM,0.002589,100,0.000616,4.259215,40,17.32,0.102450,1.089248,0.274063,1.054206
124,ASL-SR-DPT,0.005266,131,0.867147,4.209231,58,17.24,0.867147,1.099611,0.026128,1.099300
124,OMP,0.002430,38,0.000000,4.313086,38,13.14,0.000000,1.762558,0.217495,1.749087
124,LASSO-ADMM,0.002435,100,0.000256,4.006216,44,18.00,0.106769,1.007333,0.292380,0.963968
125,ASL-SR-DPT,0.005247,131,0.992817,3.700341,62,15.10,0.992817,1.406659,0.228091,1.388043
125,OMP,0.002408,38,0.000000,4.521700,38,8.37,0.000000,3.051483,0.238952,3.042113
125,LASSO-ADMM,0.002314,100,0.000787,3.841381,41,16.35,0.100858,1.217339,0.251852,1.191001
126,ASL-SR-DPT,0.005093,129,0.932841,3.723301,63,16.29,0.932841,1.226188,0.142452,1.217885
126,OMP,0.003425,37,0.000013,3.885240,37,12.96,0.000013,1.798588,0.413922,1.750311
126,LASSO-ADMM,0.002957,100,0.000581,3.616859,37,17.25,0.095330,1.097569,0.390374,1.025801
127,ASL-SR-DPT,0.005598,131,1.203032,3.914644,61,14.78,1.203032,1.458630,0.096506,1.455434
127,OMP,0.002541,38,0.000000,4.378416,38,16.08,0.000000,1.256902,0.214753,1.238420
127,LASSO-ADMM,0.002447,100,0.000840,3.960356,39,19.70,0.098744,0.827994,0.116546,0.819751
128,ASL-SR-DPT,0.006181,131,1.242877,3.483901,61,13.67,1.242877,1.657784,0.517570,1.574919
128,OMP,0.002639,38,0.000000,4.456686,38,13.79,0.000000,1.634831,0.166533,1.626327
128,LASSO-ADMM,0.002353,100,0.001477,3.709043,41,15.93,0.099362,1.278088,0.633274,1.110168
129,ASL-SR-DPT,0.007278,131,1.118661,4.141192,60,15.14,1.118661,1.400348,0.059686,1.399075
129,OMP,0.002541,38,0.000000,4.981827,38,12.11,0.000000,1.983854,0.255080,1.967387
129,LASSO-ADMM,0.002400,100,0.000514,3.894802,36,14.66,0.082645,1.479781,0.522508,1.384463
130,ASL-SR-DPT,0.005438,130,1.161816,3.723080,64,13.59,1.161816,1.673304,0.473815,1.604820
130,OMP,0.002443,38,0.000000,4.657497,38,10.38,0.000000,2.420846,0.177640,2.414320
130,LASSO-ADMM,0.002324,100,0.001474,3.666443,39,14.17,0.123380,1.565978,0.754777,1.372078
131,ASL-SR-DPT,0.005487,150,1.041524,3.631297,61,13.08,1.041524,1.774033,0.488392,1.705481
131,OMP,0.002554,38,0.000000,3.912948,38,11.54,0.000000,2.119627,0.498573,2.060157
131,LASSO-ADMM,0.002314,100,0.000580,3.525140,37,14.03,0.088018,1.590820,0.712335,1.422423
132,ASL-SR-DPT,0.004667,129,1.192380,3.631846,64,12.58,1.192380,1.878716,0.277709,1.858078
132,OMP,0.002438,38,0.000000,4.108805,38,12.58,0.000000,1.879412,0.384317,1.839698
132,LASSO-ADMM,0.002398,100,0.001034,3.612970,42,15.12,0.093489,1.403185,0.537149,1.296303
133,ASL-SR-DPT,0.005443,150,1.163526,3.208684,63,13.38,1.163526,1.714756,0.073669,1.713172
133,OMP,0.002520,38,0.000000,4.193660,38,13.54,0.000000,1.683815,0.353948,1.646194
133,LASSO-ADMM,0.002327,100,0.000580,3.112694,37,15.64,0.086443,1.321732,0.505901,1.221081
134,ASL-SR-DPT,0.004580,127,0.954049,3.491201,61,17.51,0.954049,1.064979,0.124923,1.057627
134,OMP,0.002941,38,0.000000,3.810265,38,17.09,0.000000,1.118122,0.161226,1.106437
134,LASSO-ADMM,0.002316,100,0.000287,3.257763,37,19.58,0.088376,0.839713,0.241411,0.804263
135,ASL-SR-DPT,0.004413,122,0.858171,2.784258,59,15.74,0.858171,1.307044,0.016611,1.306938
135,OMP,0.002433,38,0.000000,3.075837,38,16.34,0.000000,1.218755,0.141787,1.210479
135,LASSO-ADMM,0.002328,100,0.000299,2.649596,38,17.88,0.096811,1.020946,0.335398,0.964281
136,ASL-SR-DPT,0.005419,150,0.928320,2.942760,62,18.22,0.928320,0.981521,0.060358,0.979663
136,OMP,0.002626,38,0.000000,3.201271,38,16.33,0.000000,1.220742,0.015475,1.220644
136,LASSO-ADMM,0.002308,100,0.000149,2.798817,36,18.18,0.093140,0.986840,0.245548,0.955802
137,ASL-SR-DPT,0.005923,150,0.886751,3.084378,61,16.90,0.886751,1.143551,0.025287,1.143272
137,OMP,0.002546,38,0.000000,3.263205,38,18.77,0.000000,0.921321,0.087544,0.917153
137,LASSO-ADMM,0.002429,100,0.000285,2.921888,36,19.55,0.094350,0.842850,0.234257,0.809642
138,ASL-SR-DPT,0.005139,133,0.951803,2.946037,62,14.15,0.951803,1.569476,0.139631,1.563253
138,OMP,0.002570,38,0.000000,3.430956,38,13.84,0.000000,1.626490,0.223534,1.611056
138,LASSO-ADMM,0.002459,100,0.000338,2.805895,34,16.52,0.086800,1.193966,0.202361,1.176692
139,ASL-SR-DPT,0.004731,124,1.057611,2.627505,61,14.98,1.057611,1.426072,0.117594,1.421215
139,OMP,0.003445,38,0.000000,3.288991,38,14.54,0.000000,1.500191,0.001754,1.500190
139,LASSO-ADMM,0.002480,100,0.000273,2.663432,38,15.83,0.076889,1.293482,0.374707,1.238018
140,ASL-SR-DPT,0.004708,123,1.316822,2.570961,62,15.10,1.316822,1.405749,0.023157,1.405558
140,OMP,0.002679,38,0.000000,3.379372,38,14.11,0.000000,1.575612,0.139139,1.569457
140,LASSO-ADMM,0.002429,100,0.000333,2.632449,41,17.96,0.072945,1.011573,0.319161,0.959904
141,ASL-SR-DPT,0.004510,121,0.969401,2.131214,61,16.15,0.969401,1.246037,0.237414,1.223210
141,OMP,0.002544,38,0.000000,2.664495,38,14.83,0.000000,1.450074,0.165417,1.440608
141,LASSO-ADMM,0.002342,100,0.000113,2.184091,35,15.43,0.089316,1.353213,0.461429,1.272112
142,ASL-SR-DPT,0.004601,123,0.901990,2.171221,62,19.04,0.901990,0.893884,0.057701,0.892020
142,OMP,0.002332,37,0.000017,2.727127,37,17.66,0.000017,1.046870,0.216201,1.024302
142,LASSO-ADMM,0.002297,100,0.000111,2.167358,36,19.48,0.079076,0.849614,0.235110,0.816436
143,ASL-SR-DPT,0.004373,120,0.816998,2.151573,61,18.22,0.816998,0.981763,0.175388,0.965969
143,OMP,0.002454,38,0.000000,2.535177,38,17.43,0.000000,1.075532,0.077330,1.072748
143,LASSO-ADMM,0.002529,100,0.000084,2.195506,34,19.52,0.092551,0.845465,0.279697,0.797860
144,ASL-SR-DPT,0.004457,124,0.714435,2.583767,60,16.63,0.714435,1.178791,0.077017,1.176272
144,OMP,0.002488,38,0.000000,2.779059,38,14.36,0.000000,1.531605,0.185947,1.520276
144,LASSO-ADMM,0.002301,100,0.000167,2.466456,36,17.31,0.105671,1.090471,0.343511,1.034952
145,ASL-SR-DPT,0.004840,123,0.733390,2.579946,61,15.92,0.733390,1.279722,0.445054,1.199840
145,OMP,0.002441,38,0.000000,3.019545,38,17.43,0.000000,1.074905,0.203596,1.055447
145,LASSO-ADMM,0.002270,100,0.000272,2.643557,33,17.32,0.093671,1.089572,0.502581,0.966736
146,ASL-SR-DPT,0.004612,127,1.041987,2.985788,64,16.84,1.041987,1.150563,0.228428,1.127659
146,OMP,0.002459,38,0.000000,3.367137,38,17.51,0.000000,1.065621,0.141261,1.056217
146,LASSO-ADMM,0.002843,100,0.001569,2.999822,39,18.30,0.093273,0.973244,0.376885,0.897308
147,ASL-SR-DPT,0.006221,129,0.988718,3.619923,62,16.33,0.988718,1.221056,0.265021,1.191949
147,OMP,0.002658,38,0.000000,3.654030,38,19.71,0.000000,0.826741,0.025688,0.826342
147,LASSO-ADMM,0.002477,100,0.001200,3.345568,35,20.90,0.085693,0.720872,0.205802,0.690870
148,ASL-SR-DPT,0.005018,127,0.931161,3.130021,58,16.35,0.931161,1.217210,0.156001,1.207172
148,OMP,0.002489,38,0.000000,3.418581,38,13.06,0.000000,1.778630,0.039580,1.778190
148,LASSO-ADMM,0.002332,100,0.000269,2.882417,33,16.99,0.087529,1.131829,0.268377,1.099550
149,ASL-SR-DPT,0.005129,123,1.001800,2.916087,60,15.77,1.001800,1.301896,0.290596,1.269050
149,OMP,0.002430,38,0.000000,3.331348,38,15.47,0.000000,1.347061,0.340165,1.303404
149,LASSO-ADMM,0.002405,100,0.000412,2.856593,38,19.05,0.113748,0.892618,0.026171,0.892234
150,ASL-SR-DPT,0.004490,122,1.002318,2.294089,61,16.07,1.002318,1.258360,0.001990,1.258358
150,OMP,0.002687,38,0.000000,2.806577,38,14.16,0.000000,1.567283,0.015784,1.567204
150,LASSO-ADMM,0.002310,100,0.000343,2.448280,36,16.43,0.101193,1.206270,0.136124,1.198565
151,ASL-SR-DPT,0.004358,120,0.953079,1.883041,61,17.34,0.953079,1.086264,0.295881,1.045191
151,OMP,0.002500,38,0.000000,2.498194,38,16.25,0.000000,1.231442,0.023452,1.231219
151,LASSO-ADMM,0.002324,100,0.000196,2.072863,38,18.75,0.087963,0.923779,0.356350,0.852281
152,ASL-SR-DPT,0.004526,119,0.802013,1.946299,60,17.60,0.802013,1.054577,0.167427,1.041202
152,OMP,0.002507,38,0.000000,2.644430,38,15.99,0.000000,1.268685,0.048250,1.267767
152,LASSO-ADMM,0.002941,100,0.000457,1.992605,35,19.80,0.098240,0.819086,0.337788,0.746191
153,ASL-SR-DPT,0.005791,150,0.878246,1.918810,63,18.71,0.878246,0.928033,0.108152,0.921709
153,OMP,0.002682,38,0.000000,2.223101,38,17.92,0.000000,1.016391,0.088611,1.012521
153,LASSO-ADMM,0.002423,100,0.000095,1.911239,36,18.39,0.078834,0.962816,0.308449,0.912071
154,ASL-SR-DPT,0.004343,117,0.604195,2.288584,58,18.67,0.604195,0.931884,0.167015,0.916795
154,OMP,0.002340,37,0.000006,2.370890,37,19.45,0.000006,0.851914,0.080020,0.848148
154,LASSO-ADMM,0.002455,100,0.000380,2.260281,32,20.66,0.087941,0.741505,0.065955,0.738566
155,ASL-SR-DPT,0.004367,117,0.751881,1.988875,59,19.59,0.751881,0.838903,0.025341,0.838520
155,OMP,0.002626,38,0.000000,2.293095,38,19.33,0.000000,0.864496,0.042407,0.863455
155,LASSO-ADMM,0.002438,100,0.000134,2.041892,37,21.30,0.084442,0.688830,0.122467,0.677855
156,ASL-SR-DPT,0.005961,150,0.743016,2.096008,57,19.60,0.743016,0.837392,0.023109,0.837073
156,OMP,0.002487,38,0.000000,2.447237,38,16.66,0.000000,1.175493,0.035947,1.174944
156,LASSO-ADMM,0.002330,100,0.000313,2.032581,37,20.89,0.100979,0.722503,0.223900,0.686935
157,ASL-SR-DPT,0.005868,150,0.767732,2.229069,62,20.28,0.767732,0.774270,0.033480,0.773546
157,OMP,0.002452,38,0.000000,2.348992,38,18.83,0.000000,0.915409,0.075001,0.912332
157,LASSO-ADMM,0.002511,100,0.000178,2.098579,33,20.29,0.089728,0.773525,0.236420,0.736510
158,ASL-SR-DPT,0.005326,141,0.799356,6.963583,57,18.00,0.799356,1.006924,0.363378,0.939070
158,OMP,0.002593,38,0.000000,7.203217,38,18.69,0.000000,0.930152,0.220975,0.903522
158,LASSO-ADMM,0.002737,100,0.001245,6.736333,44,17.69,0.103469,1.043231,0.650991,0.815195
159,ASL-SR-DPT,0.005848,142,0.827365,6.509932,60,17.73,0.827365,1.039196,0.223254,1.014932
159,OMP,0.002312,37,0.000051,6.507540,37,16.14,0.000051,1.247424,0.366705,1.192306
159,LASSO-ADMM,0.002334,100,0.004172,6.235357,36,17.94,0.085083,1.013737,0.543279,0.855868
160,ASL-SR-DPT,0.005856,150,1.171131,6.502147,57,15.86,1.171131,1.288808,0.120439,1.283168
160,OMP,0.002424,38,0.000000,6.551946,38,14.59,0.000000,1.491717,0.036258,1.491276
160,LASSO-ADMM,0.002533,100,0.000315,6.085055,48,18.95,0.081135,0.903019,0.420711,0.799028
161,ASL-SR-DPT,0.005611,143,1.095562,6.253103,61,15.29,1.095562,1.376019,0.172496,1.365164
161,OMP,0.002966,38,0.000000,6.509171,38,17.66,0.000000,1.047213,0.134414,1.038551
161,LASSO-ADMM,0.003085,100,0.002597,6.016857,41,16.44,0.088979,1.205580,0.533150,1.081284
162,ASL-SR-DPT,0.006850,138,1.085095,6.125014,60,14.40,1.085095,1.524606,0.376947,1.477272
162,OMP,0.002408,37,0.000041,6.385733,37,17.98,0.000041,1.008968,0.279574,0.969461
162,LASSO-ADMM,0.002319,100,0.002744,5.925493,42,16.44,0.113154,1.205184,0.716342,0.969186
163,ASL-SR-DPT,0.005694,141,1.001511,6.517292,63,15.41,1.001511,1.356931,0.387283,1.300490
163,OMP,0.002472,38,0.000000,6.846870,38,16.35,0.000000,1.217537,0.267953,1.187686
163,LASSO-ADMM,0.002556,100,0.001796,6.412890,41,18.08,0.097185,0.998214,0.584494,0.809196
164,ASL-SR-DPT,0.005706,140,0.793337,6.277350,59,15.08,0.793337,1.410261,0.555905,1.296073
164,OMP,0.002422,38,0.000000,6.774013,38,20.35,0.000000,0.768278,0.153328,0.752822
164,LASSO-ADMM,0.002525,100,0.003151,6.139776,40,16.17,0.106284,1.243720,0.737561,1.001421
165,ASL-SR-DPT,0.005542,150,0.675104,6.074804,56,20.03,0.675104,0.797410,0.362323,0.710341
165,OMP,0.002429,38,0.000000,6.340853,38,15.68,0.000000,1.314878,0.197902,1.299900
165,LASSO-ADMM,0.002355,100,0.002824,5.730035,42,16.31,0.091177,1.223661,0.746923,0.969254
166,ASL-SR-DPT,0.005041,138,1.046041,5.799684,59,15.06,1.046041,1.412551,0.228258,1.393986
166,OMP,0.002435,38,0.000000,6.405884,38,16.24,0.000000,1.233320,0.156244,1.223383
166,LASSO-ADMM,0.002626,100,0.001259,5.796377,40,18.43,0.098084,0.958794,0.351503,0.892038
167,ASL-SR-DPT,0.005037,138,1.106372,5.601540,63,15.71,1.106372,1.310653,0.003991,1.310647
167,OMP,0.002520,38,0.000000,5.571240,38,18.66,0.000000,0.933828,0.235493,0.903647
167,LASSO-ADMM,0.002456,100,0.003052,5.252238,42,17.07,0.093369,1.120746,0.480879,1.012337
168,ASL-SR-DPT,0.005280,137,1.169205,5.177349,61,17.33,1.169205,1.087738,0.111867,1.081970
168,OMP,0.002440,38,0.000000,5.656566,38,16.15,0.000000,1.246849,0.146833,1.238174
168,LASSO-ADMM,0.002375,100,0.001486,5.021169,35,19.32,0.083473,0.864904,0.396552,0.768639
169,ASL-SR-DPT,0.005421,134,0.732420,4.908034,58,19.08,0.732420,0.889480,0.233142,0.858382
169,OMP,0.002787,38,0.000000,5.253970,38,18.40,0.000000,0.962235,0.008825,0.962194
169,LASSO-ADMM,0.002755,100,0.000455,4.868573,40,19.01,0.104969,0.896808,0.346416,0.827200
170,ASL-SR-DPT,0.005013,136,0.516136,5.035015,56,19.38,0.516136,0.858809,0.159967,0.843780
170,OMP,0.002669,38,0.000000,5.118352,38,18.03,0.000000,1.003576,0.170665,0.988958
170,LASSO-ADMM,0.002306,100,0.000644,4.892761,41,19.37,0.094199,0.860667,0.329391,0.795141
171,ASL-SR-DPT,0.005063,134,0.900592,5.229198,62,15.59,0.900592,1.329774,0.124593,1.323924
171,OMP,0.002413,38,0.000000,5.628058,38,15.66,0.000000,1.318056,0.085458,1.315283
171,LASSO-ADMM,0.002606,100,0.000942,4.882510,38,17.25,0.094334,1.097524,0.527623,0.962379
172,ASL-SR-DPT,0.005322,139,1.553474,5.609839,63,13.21,1.553474,1.748774,0.295303,1.723661
172,OMP,0.002810,38,0.000000,6.070446,38,13.10,0.000000,1.769478,0.272667,1.748343
172,LASSO-ADMM,0.002383,100,0.000845,5.579554,45,14.81,0.106407,1.453886,0.515569,1.359402
173,ASL-SR-DPT,0.005978,150,0.958180,6.254008,58,16.00,0.958180,1.268325,0.506421,1.162835
173,OMP,0.002535,38,0.000000,6.666340,38,17.54,0.000000,1.061490,0.227071,1.036918
173,LASSO-ADMM,0.002297,100,0.001415,6.112767,45,16.14,0.102626,1.246972,0.702174,1.030481
174,ASL-SR-DPT,0.005339,145,1.062261,6.868123,59,14.66,1.062261,1.478791,0.383841,1.428106
174,OMP,0.002544,38,0.000000,7.318798,38,17.79,0.000000,1.032272,0.075646,1.029497
174,LASSO-ADMM,0.003173,100,0.000850,6.662567,40,15.14,0.090979,1.399586,0.689088,1.218195
175,ASL-SR-DPT,0.005246,142,0.658107,7.736472,60,21.58,0.658107,0.667252,0.087057,0.661549
175,OMP,0.002563,38,0.000000,7.712570,38,20.20,0.000000,0.782220,0.161336,0.765401
175,LASSO-ADMM,0.002634,100,0.001929,7.181643,40,16.33,0.080687,1.221084,0.696756,1.002785
176,ASL-SR-DPT,0.005404,142,0.239450,7.620188,51,27.23,0.239450,0.348203,0.339616,0.076851
176,OMP,0.002684,38,0.000000,7.758485,38,24.47,0.000000,0.478218,0.213729,0.427799
176,LASSO-ADMM,0.002471,100,0.005203,7.381446,29,20.77,0.087791,0.732286,0.591143,0.432195
177,ASL-SR-DPT,0.006171,150,0.274032,7.681613,55,28.61,0.274032,0.296944,0.288975,0.068332
177,OMP,0.002975,38,0.000000,7.758744,38,23.78,0.000000,0.517985,0.225307,0.466417
177,LASSO-ADMM,0.002720,100,0.002311,7.350878,39,19.77,0.080729,0.821931,0.637730,0.518528
178,ASL-SR-DPT,0.005599,142,0.245483,7.716597,51,29.61,0.245483,0.264748,0.256443,0.065794
178,OMP,0.003171,38,0.000000,7.768974,38,24.47,0.000000,0.478033,0.215497,0.426704
178,LASSO-ADMM,0.002341,100,0.004121,7.438746,33,21.41,0.073587,0.679887,0.545470,0.405844
179,ASL-SR-DPT,0.005376,142,0.208018,7.784236,48,32.08,0.208018,0.199114,0.198116,0.019904
179,OMP,0.002602,38,0.000000,7.798161,38,25.27,0.000000,0.436123,0.193920,0.390639
179,LASSO-ADMM,0.002330,100,0.002631,7.463159,37,20.66,0.073073,0.741070,0.536668,0.511050
180,ASL-SR-DPT,0.005190,142,0.296994,7.712953,54,29.51,0.296994,0.267622,0.266458,0.024930
180,OMP,0.002787,38,0.000000,7.805651,38,25.84,0.000000,0.408186,0.182416,0.365158
180,LASSO-ADMM,0.002474,100,0.005323,7.402073,37,20.18,0.085070,0.783203,0.594683,0.509666
181,ASL-SR-DPT,0.005174,142,0.200925,7.816566,43,34.01,0.200925,0.159383,0.156473,0.030314
181,OMP,0.002626,38,0.000000,7.831869,38,26.98,0.000000,0.358217,0.148013,0.326207
181,LASSO-ADMM,0.002282,100,0.003541,7.426816,31,20.30,0.071015,0.772903,0.564953,0.527453
182,ASL-SR-DPT,0.005122,142,0.224954,7.830595,48,34.76,0.224954,0.146258,0.127739,0.071234
182,OMP,0.002618,38,0.000000,7.886620,38,28.00,0.000000,0.318564,0.077215,0.309065
182,LASSO-ADMM,0.002742,100,0.002544,7.497198,38,21.48,0.079057,0.674703,0.475245,0.478922
183,ASL-SR-DPT,0.005155,142,0.285591,7.723808,53,29.13,0.285591,0.279749,0.185996,0.208961
183,OMP,0.002483,35,0.000023,7.805742,35,25.18,0.000023,0.440809,0.114729,0.425617
183,LASSO-ADMM,0.002352,100,0.004123,7.446065,40,21.52,0.077368,0.671457,0.477984,0.471578
184,ASL-SR-DPT,0.005205,142,0.217758,7.626998,55,26.88,0.217758,0.362243,0.238688,0.272484
184,OMP,0.002421,38,0.000000,7.692687,38,25.28,0.000000,0.435490,0.182664,0.395330
184,LASSO-ADMM,0.002278,100,0.007505,7.376721,30,20.95,0.082979,0.717392,0.501702,0.512782
185,ASL-SR-DPT,0.005497,142,0.293436,7.783061,55,28.92,0.293436,0.286354,0.085076,0.273424
185,OMP,0.003436,38,0.000000,7.663210,38,22.55,0.000000,0.596462,0.226261,0.551881
185,LASSO-ADMM,0.002917,100,0.004221,7.395235,38,20.40,0.078735,0.764349,0.494864,0.582528
186,ASL-SR-DPT,0.005584,142,0.277108,7.728466,52,25.08,0.277108,0.445792,0.163362,0.414781
186,OMP,0.002797,37,0.000051,7.721794,37,24.03,0.000051,0.502826,0.177488,0.470459
186,LASSO-ADMM,0.002394,100,0.005632,7.392844,34,20.04,0.077858,0.796555,0.512862,0.609485
187,ASL-SR-DPT,0.005186,142,0.282730,7.792992,55,30.39,0.282730,0.241846,0.143773,0.194471
187,OMP,0.002567,38,0.000000,7.786950,38,24.58,0.000000,0.472284,0.161161,0.443936
187,LASSO-ADMM,0.002503,100,0.005725,7.475559,38,21.20,0.071169,0.697016,0.476732,0.508486
188,ASL-SR-DPT,0.005487,142,0.231764,7.735127,50,29.95,0.231764,0.254535,0.253108,0.026915
188,OMP,0.002049,35,0.000054,7.776894,35,25.97,0.000054,0.402385,0.218357,0.337986
188,LASSO-ADMM,0.002816,100,0.002969,7.387312,31,20.33,0.074822,0.769856,0.615612,0.462277
189,ASL-SR-DPT,0.005204,142,0.257659,7.814094,52,32.92,0.257659,0.180776,0.180023,0.016482
189,OMP,0.002609,38,0.000000,7.788916,38,26.03,0.000000,0.399429,0.212650,0.338118
189,LASSO-ADMM,0.002479,100,0.002125,7.406052,36,19.96,0.072752,0.803725,0.607057,0.526741
190,ASL-SR-DPT,0.005178,142,0.240382,7.777718,48,31.16,0.240382,0.221370,0.221302,0.005500
190,OMP,0.002818,38,0.000000,7.850030,38,24.69,0.000000,0.466230,0.161152,0.437493
190,LASSO-ADMM,0.002794,100,0.001486,7.470578,40,21.08,0.071462,0.706540,0.542140,0.453082
191,ASL-SR-DPT,0.005387,142,0.268953,7.673735,57,27.80,0.268953,0.325798,0.325775,0.003921
191,OMP,0.002586,37,0.000011,7.795665,37,23.44,0.000011,0.538182,0.219356,0.491450
191,LASSO-ADMM,0.002368,100,0.004176,7.420034,34,20.47,0.075417,0.758034,0.594433,0.470388
192,ASL-SR-DPT,0.005525,142,0.180966,7.847447,51,34.46,0.180966,0.151328,0.151083,0.008607
192,OMP,0.002517,38,0.000000,7.876082,38,29.06,0.000000,0.281962,0.126572,0.251957
192,LASSO-ADMM,0.002303,100,0.002780,7.526808,34,21.42,0.074276,0.679396,0.486762,0.473964
193,ASL-SR-DPT,0.005221,142,0.179048,7.755065,41,30.40,0.179048,0.241554,0.241014,0.016147
193,OMP,0.002427,37,0.000014,7.773420,37,26.91,0.000014,0.361039,0.227703,0.280180
193,LASSO-ADMM,0.003041,100,0.001649,7.454551,33,21.11,0.069406,0.704309,0.554032,0.434856
194,ASL-SR-DPT,0.005451,142,0.213263,7.757930,49,30.54,0.213263,0.237764,0.237168,0.016824
194,OMP,0.002450,38,0.000000,7.757943,38,25.41,0.000000,0.429203,0.245157,0.352297
194,LASSO-ADMM,0.002724,100,0.002788,7.446765,34,20.66,0.074522,0.741338,0.563830,0.481329
195,ASL-SR-DPT,0.005250,142,0.207941,7.803315,47,32.46,0.207941,0.190526,0.189332,0.021295
195,OMP,0.002461,38,0.000000,7.842399,38,26.72,0.000000,0.369032,0.157427,0.333768
195,LASSO-ADMM,0.002319,100,0.002520,7.488280,36,21.42,0.079856,0.678963,0.517189,0.439894
196,ASL-SR-DPT,0.005195,144,0.232937,7.700217,47,28.77,0.232937,0.291460,0.290470,0.024010
196,OMP,0.002529,38,0.000000,7.757399,38,24.75,0.000000,0.463083,0.243035,0.394182
196,LASSO-ADMM,0.002323,100,0.003507,7.427439,30,21.00,0.078636,0.713121,0.574955,0.421863
197,ASL-SR-DPT,0.005708,142,0.218875,7.812162,48,32.88,0.218875,0.181654,0.180485,0.020577
197,OMP,0.002406,38,0.000000,7.775049,38,25.28,0.000000,0.435620,0.226394,0.372170
197,LASSO-ADMM,0.002297,100,0.005421,7.484482,33,21.58,0.071928,0.666850,0.519814,0.417711
198,ASL-SR-DPT,0.005231,142,0.216827,7.803849,49,32.49,0.216827,0.189911,0.188798,0.020530
198,OMP,0.002501,37,0.000015,7.835632,37,27.98,0.000015,0.319058,0.161965,0.274892
198,LASSO-ADMM,0.002772,100,0.004710,7.485138,33,21.36,0.073392,0.683932,0.520619,0.443530
199,ASL-SR-DPT,0.005493,143,0.197490,7.879397,49,36.71,0.197490,0.116786,0.115701,0.015877
199,OMP,0.002433,37,0.000003,7.859283,37,27.99,0.000003,0.319016,0.141116,0.286108
199,LASSO-ADMM,0.002485,100,0.002703,7.534410,34,21.68,0.067796,0.659188,0.474575,0.457502
200,ASL-SR-DPT,0.005163,142,0.217466,7.781660,49,31.55,0.217466,0.211736,0.208536,0.036672
200,OMP,0.002443,38,0.000000,7.762184,38,26.46,0.000000,0.380407,0.234069,0.299868
200,LASSO-ADMM,0.002355,100,0.002288,7.470401,31,21.26,0.069989,0.692038,0.532923,0.441486
201,ASL-SR-DPT,0.005133,142,0.200980,7.707105,47,28.97,0.200980,0.284979,0.282600,0.036742
201,OMP,0.002761,37,0.000052,7.750750,37,25.84,0.000052,0.408418,0.246094,0.325949
201,LASSO-ADMM,0.002388,100,0.003915,7.397222,28,20.51,0.081442,0.753972,0.606408,0.448044
202,ASL-SR-DPT,0.005183,143,0.217065,7.691168,47,28.48,0.217065,0.301272,0.299028,0.036699
202,OMP,0.002655,38,0.000000,7.813457,38,26.31,0.000000,0.386922,0.184588,0.340052
202,LASSO-ADMM,0.002319,100,0.001860,7.406933,39,20.61,0.078152,0.745348,0.596749,0.446581
203,ASL-SR-DPT,0.005146,141,0.505970,7.486979,52,20.90,0.505970,0.721580,0.199786,0.693371
203,OMP,0.002337,37,0.000049,7.515171,37,20.83,0.000049,0.727051,0.227022,0.690699
203,LASSO-ADMM,0.002317,100,0.005334,7.158073,41,19.52,0.093401,0.845093,0.558470,0.634265
204,ASL-SR-DPT,0.005516,145,0.570220,7.382618,56,20.56,0.570220,0.749962,0.294833,0.689577
204,OMP,0.003685,38,0.000000,7.485988,38,19.96,0.000000,0.803999,0.250516,0.763974
204,LASSO-ADMM,0.002508,100,0.002315,7.053092,42,17.95,0.085705,1.013527,0.667582,0.762608
205,ASL-SR-DPT,0.005256,143,0.482388,7.414251,56,20.76,0.482388,0.732744,0.255847,0.686627
205,OMP,0.002464,38,0.000000,7.514030,38,20.38,0.000000,0.765680,0.201082,0.738805
205,LASSO-ADMM,0.002543,100,0.006573,7.055708,41,18.16,0.091501,0.988591,0.648026,0.746575
206,ASL-SR-DPT,0.005346,141,0.452561,7.351499,54,20.66,0.452561,0.741813,0.294580,0.680816
206,OMP,0.002719,38,0.000000,7.389478,38,21.46,0.000000,0.676566,0.288374,0.612032
206,LASSO-ADMM,0.002333,100,0.003634,7.058050,36,18.63,0.092106,0.936343,0.614374,0.706599
207,ASL-SR-DPT,0.005296,143,0.212074,7.707426,47,30.10,0.212074,0.250089,0.231300,0.095104
207,OMP,0.002367,37,0.000012,7.811930,37,25.68,0.000012,0.415926,0.137361,0.392589
207,LASSO-ADMM,0.003275,100,0.003724,7.398250,30,21.02,0.078993,0.711446,0.554712,0.445478
208,ASL-SR-DPT,0.005508,142,0.697855,7.555356,58,17.51,0.697855,1.065146,0.026924,1.064806
208,OMP,0.002330,37,0.000058,7.547500,37,20.96,0.000058,0.716191,0.047071,0.714643
208,LASSO-ADMM,0.002481,100,0.000952,7.021681,41,17.11,0.089510,1.116400,0.569392,0.960282
209,ASL-SR-DPT,0.005173,140,0.533108,6.662078,60,20.69,0.533108,0.739291,0.000486,0.739290
209,OMP,0.002526,38,0.000000,6.736026,38,22.21,0.000000,0.619938,0.056855,0.617325
209,LASSO-ADMM,0.002613,100,0.000890,6.288516,37,16.78,0.079876,1.159199,0.388331,1.092218
210,ASL-SR-DPT,0.004885,135,0.531365,5.694855,59,19.91,0.531365,0.808425,0.022510,0.808112
210,OMP,0.002424,37,0.000043,5.778616,37,18.85,0.000043,0.913447,0.047808,0.912195
210,LASSO-ADMM,0.002664,100,0.002121,5.399061,38,19.83,0.081990,0.815522,0.243098,0.778447
211,ASL-SR-DPT,0.005104,131,0.889711,4.243963,59,17.06,0.889711,1.122652,0.111041,1.117146
211,OMP,0.002467,38,0.000000,4.606701,38,17.22,0.000000,1.101951,0.015374,1.101844
211,LASSO-ADMM,0.002395,100,0.001146,4.216048,39,19.73,0.093238,0.824919,0.240165,0.789185
212,ASL-SR-DPT,0.005066,128,0.626466,3.803900,59,22.91,0.626466,0.572001,0.056351,0.569219
212,OMP,0.002598,38,0.000000,3.835936,38,21.03,0.000000,0.710227,0.011206,0.710139
212,LASSO-ADMM,0.002532,100,0.000914,3.717852,33,24.95,0.080977,0.452377,0.073446,0.446375
213,ASL-SR-DPT,0.004800,130,0.773292,3.784072,61,20.56,0.773292,0.750166,0.201223,0.722674
213,OMP,0.002433,38,0.000000,4.025334,38,21.79,0.000000,0.650865,0.073244,0.646730
213,LASSO-ADMM,0.002426,100,0.000480,3.883476,36,23.63,0.075047,0.526655,0.179409,0.495154
214,ASL-SR-DPT,0.004746,132,0.687701,4.294779,57,20.69,0.687701,0.739103,0.118456,0.729549
214,OMP,0.002691,38,0.000000,4.599466,38,20.53,0.000000,0.752248,0.083236,0.747629
214,LASSO-ADMM,0.002322,100,0.001086,4.343596,37,22.23,0.088424,0.618916,0.114621,0.608210
215,ASL-SR-DPT,0.004945,132,0.625661,4.675792,52,23.29,0.625661,0.547893,0.032655,0.546919
215,OMP,0.002532,38,0.000000,4.831096,38,20.75,0.000000,0.733897,0.099480,0.727124
215,LASSO-ADMM,0.002355,100,0.002556,4.599287,33,25.64,0.080542,0.418125,0.091967,0.407886
216,ASL-SR-DPT,0.004925,133,0.581147,4.900783,59,21.60,0.581147,0.665630,0.330685,0.577677
216,OMP,0.002532,38,0.000000,4.853251,38,22.19,0.000000,0.621838,0.220244,0.581528
216,LASSO-ADMM,0.002303,100,0.000761,4.631043,35,24.34,0.083215,0.485256,0.019576,0.484861
217,ASL-SR-DPT,0.005924,150,0.428008,4.177842,54,26.13,0.428008,0.395143,0.103325,0.381395
217,OMP,0.002906,38,0.000000,4.285284,38,22.38,0.000000,0.608466,0.062655,0.605231
217,LASSO-ADMM,0.002379,100,0.000611,4.052554,30,24.10,0.082835,0.498751,0.248055,0.432691
218,ASL-SR-DPT,0.004813,129,0.659240,3.890676,60,22.60,0.659240,0.593135,0.108834,0.583064
218,OMP,0.002601,38,0.000000,4.145054,38,21.39,0.000000,0.682004,0.053371,0.679913
218,LASSO-ADMM,0.002580,100,0.000728,3.880404,29,23.73,0.074232,0.520683,0.178017,0.489306
219,ASL-SR-DPT,0.004844,130,0.525692,4.083420,55,23.16,0.525692,0.556117,0.109891,0.545151
219,OMP,0.002329,37,0.000033,4.235925,37,20.50,0.000033,0.755409,0.156312,0.739059
219,LASSO-ADMM,0.002340,100,0.001573,4.015471,34,24.37,0.080483,0.483812,0.007195,0.483758
220,ASL-SR-DPT,0.004796,130,0.597883,4.100742,60,22.22,0.597883,0.619729,0.011527,0.619621
220,OMP,0.002577,38,0.000000,4.288636,38,22.32,0.000000,0.612452,0.125295,0.599498
220,LASSO-ADMM,0.002508,100,0.001009,4.118993,37,24.70,0.081203,0.465771,0.009442,0.465675
221,ASL-SR-DPT,0.004775,132,0.588644,4.375026,59,21.24,0.588644,0.693596,0.136249,0.680082
221,OMP,0.002449,38,0.000000,4.811491,38,18.85,0.000000,0.913062,0.212363,0.888023
221,LASSO-ADMM,0.002612,100,0.000452,4.362334,37,21.16,0.096107,0.699625,0.187894,0.673922
222,ASL-SR-DPT,0.004817,133,0.474053,4.630170,58,21.75,0.474053,0.653981,0.122771,0.642353
222,OMP,0.002791,38,0.000000,4.837956,38,18.70,0.000000,0.928965,0.003350,0.928959
222,LASSO-ADMM,0.002356,100,0.001485,4.590547,33,21.10,0.089608,0.704570,0.191525,0.678039
223,ASL-SR-DPT,0.004814,133,0.616147,4.750043,58,21.97,0.616147,0.637795,0.120055,0.626393
223,OMP,0.002696,38,0.000000,4.995154,38,19.98,0.000000,0.802037,0.048896,0.800545
223,LASSO-ADMM,0.002484,100,0.001367,4.650724,35,21.36,0.093915,0.684286,0.266110,0.630422
224,ASL-SR-DPT,0.004880,134,0.566482,5.141707,60,21.72,0.566482,0.656074,0.022509,0.655688
224,OMP,0.002475,38,0.000000,5.098729,38,18.50,0.000000,0.950607,0.149668,0.938751
224,LASSO-ADMM,0.003068,100,0.000510,4.912594,32,21.19,0.072427,0.697817,0.287568,0.635809
225,ASL-SR-DPT,0.004927,136,0.934643,5.465332,62,16.61,0.934643,1.181592,0.292021,1.144938
225,OMP,0.002743,38,0.000000,5.882182,38,20.83,0.000000,0.727173,0.012902,0.727058
225,LASSO-ADMM,0.002368,100,0.001487,5.474968,36,20.04,0.085272,0.796733,0.373986,0.703504
226,ASL-SR-DPT,0.005419,150,0.433176,6.490908,58,22.56,0.433176,0.595690,0.002049,0.595687
226,OMP,0.002495,38,0.000000,6.551972,38,20.74,0.000000,0.735042,0.001004,0.735042
226,LASSO-ADMM,0.002600,100,0.001770,6.145331,38,18.43,0.074878,0.958761,0.335453,0.898161
227,ASL-SR-DPT,0.005644,140,0.771279,6.803023,59,17.20,0.771279,1.103682,0.342075,1.049333
227,OMP,0.002422,38,0.000000,7.154878,38,21.79,0.000000,0.651173,0.083802,0.645758
227,LASSO-ADMM,0.002325,100,0.004697,6.655891,40,19.30,0.118024,0.866862,0.543493,0.675325
228,ASL-SR-DPT,0.005137,142,0.405856,7.519028,53,24.70,0.405856,0.465555,0.191266,0.424451
228,OMP,0.002820,37,0.000056,7.552714,37,20.69,0.000056,0.739134,0.189490,0.714432
228,LASSO-ADMM,0.002293,100,0.002060,7.219136,33,19.95,0.081838,0.804549,0.515091,0.618046
229,ASL-SR-DPT,0.005349,142,0.304229,7.595624,55,26.67,0.304229,0.371137,0.234769,0.287448
229,OMP,0.002755,38,0.000000,7.719730,38,22.28,0.000000,0.615247,0.130357,0.601278
229,LASSO-ADMM,0.002337,100,0.002577,7.304108,38,20.36,0.084386,0.767916,0.542675,0.543322
230,ASL-SR-DPT,0.005645,142,0.342095,7.534794,57,24.97,0.342095,0.451467,0.308344,0.329767
230,OMP,0.002617,38,0.000000,7.717593,38,21.59,0.000000,0.666143,0.148527,0.649374
230,LASSO-ADMM,0.002314,100,0.003621,7.288178,34,20.77,0.083639,0.731721,0.568632,0.460515
231,ASL-SR-DPT,0.005493,142,0.324891,7.616918,49,25.86,0.324891,0.407384,0.241905,0.327786
231,OMP,0.002507,38,0.000000,7.757505,38,24.76,0.000000,0.462510,0.115862,0.447762
231,LASSO-ADMM,0.002320,100,0.001588,7.308830,38,19.92,0.073907,0.807329,0.570862,0.570874
232,ASL-SR-DPT,0.005220,144,0.266602,7.795593,46,27.98,0.266602,0.319352,0.094113,0.305169
232,OMP,0.002468,38,0.000000,7.827624,38,22.88,0.000000,0.574157,0.078539,0.568760
232,LASSO-ADMM,0.002548,100,0.002990,7.449132,32,20.83,0.076515,0.726698,0.465640,0.557915
233,ASL-SR-DPT,0.005665,142,0.796217,7.494550,60,18.53,0.796217,0.947772,0.129470,0.938887
233,OMP,0.002621,38,0.000000,7.656022,38,17.32,0.000000,1.088793,0.067837,1.086678
233,LASSO-ADMM,0.002435,100,0.001445,7.000732,41,16.72,0.109089,1.167147,0.698525,0.935038
234,ASL-SR-DPT,0.005189,139,0.519853,6.706512,56,18.17,0.519853,0.987976,0.376841,0.913284
234,OMP,0.002613,38,0.000000,6.942578,38,19.46,0.000000,0.851083,0.170349,0.833860
234,LASSO-ADMM,0.002318,100,0.000750,6.375939,44,16.12,0.104376,1.250808,0.712460,1.028067
235,ASL-SR-DPT,0.004977,138,0.784759,6.114397,58,17.39,0.784759,1.080362,0.177545,1.065673
235,OMP,0.002438,38,0.000000,6.593051,38,16.68,0.000000,1.171873,0.210039,1.152896
235,LASSO-ADMM,0.002625,100,0.000438,5.882503,39,15.70,0.097633,1.313101,0.473380,1.224805
236,ASL-SR-DPT,0.005147,138,1.088610,5.665023,62,16.22,1.088610,1.236287,0.027624,1.235979
236,OMP,0.002951,38,0.000000,5.825816,38,16.55,0.000000,1.190133,0.083499,1.187200
236,LASSO-ADMM,0.002481,100,0.000504,5.347093,41,18.57,0.084779,0.942841,0.455364,0.825587
237,ASL-SR-DPT,0.004837,135,0.610771,5.224438,58,19.98,0.610771,0.801848,0.231935,0.767572
237,OMP,0.002384,37,0.000014,5.353694,37,19.35,0.000014,0.861836,0.187991,0.841083
237,LASSO-ADMM,0.002363,100,0.001126,5.203849,33,21.96,0.083477,0.638052,0.288350,0.569179
238,ASL-SR-DPT,0.004948,136,0.580253,5.489126,59,21.05,0.580253,0.708697,0.279012,0.651463
238,OMP,0.002381,37,0.000030,5.784344,37,23.64,0.000030,0.525871,0.034073,0.524766
238,LASSO-ADMM,0.002779,100,0.000921,5.486532,33,22.43,0.079251,0.604812,0.313676,0.517112
239,ASL-SR-DPT,0.005011,137,0.520778,6.148990,59,24.04,0.520778,0.502222,0.071539,0.497101
239,OMP,0.002516,38,0.000000,6.164864,38,21.19,0.000000,0.697286,0.043000,0.695959
239,LASSO-ADMM,0.002480,100,0.002459,5.910942,33,22.23,0.078910,0.618762,0.192944,0.587911
240,ASL-SR-DPT,0.005407,138,0.561941,6.300512,59,24.37,0.561941,0.483441,0.098061,0.473391
240,OMP,0.002458,38,0.000000,6.243028,38,22.16,0.000000,0.624116,0.004925,0.624097
240,LASSO-ADMM,0.002866,100,0.001076,6.007093,36,22.01,0.078834,0.635087,0.225294,0.593783
241,ASL-SR-DPT,0.005192,138,0.368024,6.223327,55,25.54,0.368024,0.422559,0.069320,0.416834
241,OMP,0.003028,38,0.000000,6.223660,38,21.90,0.000000,0.642649,0.100102,0.634805
241,LASSO-ADMM,0.002458,100,0.003079,6.073537,32,22.95,0.084516,0.569934,0.233712,0.519811
242,ASL-SR-DPT,0.005376,138,0.380136,6.280977,56,26.46,0.380136,0.380398,0.070984,0.373716
242,OMP,0.002547,38,0.000000,6.389341,38,23.04,0.000000,0.563614,0.012383,0.563478
242,LASSO-ADMM,0.002454,100,0.001867,6.131277,33,23.45,0.083184,0.537823,0.234287,0.484111
243,ASL-SR-DPT,0.005210,139,0.562198,6.397644,59,21.23,0.562198,0.694505,0.241082,0.651320
243,OMP,0.002484,38,0.000000,6.560110,38,20.82,0.000000,0.728295,0.124838,0.717516
243,LASSO-ADMM,0.002406,100,0.002001,6.129359,41,18.98,0.086378,0.899759,0.542311,0.717959
244,ASL-SR-DPT,0.005288,140,0.699334,6.763008,61,20.25,0.699334,0.777373,0.173267,0.757818
244,OMP,0.002583,38,0.000000,6.898518,38,19.97,0.000000,0.802413,0.113036,0.794411
244,LASSO-ADMM,0.002333,100,0.001044,6.504616,37,19.02,0.088949,0.895535,0.480615,0.755640
245,ASL-SR-DPT,0.005360,141,0.678196,6.997430,57,19.93,0.678196,0.806286,0.353060,0.724877
245,OMP,0.002429,38,0.000000,7.282616,38,21.21,0.000000,0.696279,0.125689,0.684840
245,LASSO-ADMM,0.002320,100,0.004888,6.801792,38,18.91,0.106744,0.907115,0.583223,0.694773
246,ASL-SR-DPT,0.005131,142,0.476603,7.541537,59,23.36,0.476603,0.543398,0.168757,0.516529
246,OMP,0.002446,38,0.000000,7.788954,38,20.14,0.000000,0.787641,0.040935,0.786576
246,LASSO-ADMM,0.002337,100,0.001787,7.165020,40,19.82,0.093220,0.816523,0.574620,0.580104
247,ASL-SR-DPT,0.005096,142,0.396371,7.607741,54,25.56,0.396371,0.421930,0.239809,0.347155
247,OMP,0.002452,38,0.000000,7.658614,38,24.30,0.000000,0.487437,0.201923,0.443646
247,LASSO-ADMM,0.002327,100,0.000970,7.347741,41,20.73,0.074713,0.735459,0.517531,0.522553
248,ASL-SR-DPT,0.005113,142,0.307027,7.695254,49,29.25,0.307027,0.275752,0.244942,0.126659
248,OMP,0.002287,37,0.000054,7.780431,37,24.52,0.000054,0.475589,0.170766,0.443874
248,LASSO-ADMM,0.002315,100,0.004725,7.407840,34,20.71,0.079848,0.736827,0.548065,0.492482
249,ASL-SR-DPT,0.005201,142,0.295508,7.682744,54,28.79,0.295508,0.290873,0.227550,0.181185
249,OMP,0.002404,38,0.000000,7.834541,38,25.25,0.000000,0.437204,0.088083,0.428239
249,LASSO-ADMM,0.002337,100,0.003097,7.375845,37,20.48,0.081413,0.756861,0.551523,0.518325
250,ASL-SR-DPT,0.005423,141,0.497841,7.519111,56,22.31,0.497841,0.613520,0.173046,0.588610
250,OMP,0.002409,38,0.000000,7.510835,38,20.98,0.000000,0.714422,0.216229,0.680914
250,LASSO-ADMM,0.002302,100,0.002346,7.200170,40,19.99,0.073915,0.800775,0.516829,0.611661
251,ASL-SR-DPT,0.005267,141,0.620856,7.306645,58,19.91,0.620856,0.808273,0.153159,0.793630
251,OMP,0.002441,38,0.000000,7.382751,38,19.86,0.000000,0.812542,0.118898,0.803796
251,LASSO-ADMM,0.002351,100,0.001678,6.942203,37,17.78,0.081696,1.033419,0.560709,0.868079
252,ASL-SR-DPT,0.005336,141,0.626529,7.107296,61,19.32,0.626529,0.865362,0.283390,0.817644
252,OMP,0.002453,38,0.000000,7.178952,38,21.12,0.000000,0.703392,0.277849,0.646189
252,LASSO-ADMM,0.002642,100,0.003076,6.823808,39,17.35,0.090731,1.085112,0.620588,0.890135
253,ASL-SR-DPT,0.005280,141,0.521650,7.170046,61,19.70,0.521650,0.827847,0.192209,0.805224
253,OMP,0.002421,38,0.000000,7.356077,38,19.34,0.000000,0.863555,0.050549,0.862074
253,LASSO-ADMM,0.002397,100,0.002080,6.819222,35,17.51,0.102526,1.065549,0.579000,0.894513
254,ASL-SR-DPT,0.005353,141,0.428683,7.323823,52,20.87,0.428683,0.723422,0.222745,0.688276
254,OMP,0.002307,37,0.000007,7.405855,37,22.26,0.000007,0.616649,0.169199,0.592982
254,LASSO-ADMM,0.002310,100,0.000706,6.896013,43,17.87,0.101951,1.021894,0.676153,0.766215
255,ASL-SR-DPT,0.005308,142,0.486773,7.335371,54,21.53,0.486773,0.671107,0.338175,0.579674
255,OMP,0.002417,38,0.000000,7.517678,38,24.35,0.000000,0.485066,0.176261,0.451908
255,LASSO-ADMM,0.002690,100,0.004118,7.076578,37,18.52,0.084808,0.948686,0.619938,0.718110
256,ASL-SR-DPT,0.006692,142,0.482329,7.528724,58,22.70,0.482329,0.586507,0.131079,0.571672
256,OMP,0.002418,38,0.000000,7.584054,38,21.26,0.000000,0.692007,0.118496,0.681786
256,LASSO-ADMM,0.002379,100,0.001017,7.121557,41,17.83,0.093348,1.027018,0.579051,0.848213
257,ASL-SR-DPT,0.005816,143,0.547383,7.202304,59,19.85,0.547383,0.813745,0.296226,0.757912
257,OMP,0.002419,38,0.000000,7.404593,38,17.67,0.000000,1.046501,0.172044,1.032263
257,LASSO-ADMM,0.002650,100,0.003858,6.892689,36,17.43,0.094618,1.075544,0.647817,0.858562
258,ASL-SR-DPT,0.005478,142,0.748524,7.002995,59,17.88,0.748524,1.021049,0.164652,1.007686
258,OMP,0.002503,38,0.000000,7.190338,38,19.30,0.000000,0.867621,0.055701,0.865831
258,LASSO-ADMM,0.002576,100,0.001091,6.739708,46,17.13,0.088371,1.112796,0.483970,1.002042
259,ASL-SR-DPT,0.005280,141,0.859392,6.842653,60,17.50,0.859392,1.067248,0.142641,1.057673
259,OMP,0.002446,38,0.000000,6.801554,38,18.63,0.000000,0.936359,0.291881,0.889704
259,LASSO-ADMM,0.002397,100,0.002190,6.414820,38,16.41,0.085738,1.209926,0.645026,1.023652
260,ASL-SR-DPT,0.005040,139,0.711028,6.473604,58,17.23,0.711028,1.100063,0.399925,1.024792
260,OMP,0.002465,38,0.000000,6.887905,38,16.96,0.000000,1.134704,0.125392,1.127754
260,LASSO-ADMM,0.002377,100,0.001864,6.344322,39,16.89,0.099156,1.144363,0.591402,0.979699
261,ASL-SR-DPT,0.004994,139,0.880572,6.702518,63,17.52,0.880572,1.064807,0.038659,1.064105
261,OMP,0.002279,37,0.000035,6.788418,37,21.93,0.000035,0.640510,0.065084,0.637195
261,LASSO-ADMM,0.002352,100,0.000541,6.142580,46,16.06,0.106521,1.258765,0.693418,1.050552
262,ASL-SR-DPT,0.005117,141,0.692477,6.795741,59,17.01,0.692477,1.129013,0.017712,1.128875
262,OMP,0.002438,38,0.000000,7.000259,38,17.16,0.000000,1.109754,0.107524,1.104533
262,LASSO-ADMM,0.002338,100,0.001291,6.512521,44,17.18,0.090322,1.106847,0.363653,1.045403
263,ASL-SR-DPT,0.005043,140,0.857213,6.383923,61,17.12,0.857213,1.114565,0.182254,1.099563
263,OMP,0.002403,38,0.000000,6.393583,38,15.40,0.000000,1.358306,0.346481,1.313372
263,LASSO-ADMM,0.002568,100,0.002334,6.153136,42,17.66,0.089420,1.047471,0.486212,0.927790
264,ASL-SR-DPT,0.005385,140,0.971395,6.316529,62,16.91,0.971395,1.142063,0.184452,1.127069
264,OMP,0.002456,38,0.000000,6.554841,38,17.90,0.000000,1.018797,0.054787,1.017322
264,LASSO-ADMM,0.002585,100,0.006197,6.136482,40,17.14,0.093496,1.112029,0.464455,1.010392
265,ASL-SR-DPT,0.004903,138,0.919941,6.063272,60,16.34,0.919941,1.218952,0.205846,1.201445
265,OMP,0.002442,38,0.000000,6.642466,38,14.64,0.000000,1.482125,0.228227,1.464447
265,LASSO-ADMM,0.002384,100,0.001085,5.887323,38,16.38,0.091667,1.213418,0.515442,1.098500
266,ASL-SR-DPT,0.004970,141,1.128402,5.765564,61,16.50,1.128402,1.196439,0.092770,1.192836
266,OMP,0.002291,37,0.000024,5.691824,37,15.19,0.000024,1.392362,0.363907,1.343965
266,LASSO-ADMM,0.002550,100,0.001635,5.539271,38,17.39,0.076654,1.080928,0.432751,0.990521
267,ASL-SR-DPT,0.005303,150,0.705151,5.488194,56,18.56,0.705151,0.944031,0.230619,0.915429
267,OMP,0.002425,38,0.000000,5.940177,38,16.82,0.000000,1.154106,0.083771,1.151061
267,LASSO-ADMM,0.002445,100,0.001901,5.342016,39,17.91,0.089122,1.017515,0.443794,0.915633
268,ASL-SR-DPT,0.004744,134,0.625404,5.043642,59,20.68,0.625404,0.739987,0.148515,0.724930
268,OMP,0.002431,38,0.000000,5.131509,38,17.46,0.000000,1.071699,0.208657,1.051190
268,LASSO-ADMM,0.002310,100,0.001192,4.878099,36,21.31,0.100202,0.688212,0.354900,0.589645
269,ASL-SR-DPT,0.004695,133,0.544232,4.852176,57,24.36,0.544232,0.484312,0.197824,0.442067
269,OMP,0.002441,38,0.000000,4.996887,38,19.59,0.000000,0.838944,0.129865,0.828832
269,LASSO-ADMM,0.002445,100,0.000589,4.694234,36,21.34,0.106629,0.685836,0.387945,0.565570
270,ASL-SR-DPT,0.004887,134,0.470939,5.033447,56,24.71,0.470939,0.465035,0.019985,0.464606
270,OMP,0.002416,38,0.000000,5.128015,38,20.61,0.000000,0.745444,0.014555,0.745302
270,LASSO-ADMM,0.002345,100,0.001995,4.841689,41,22.74,0.083852,0.583606,0.239267,0.532304
271,ASL-SR-DPT,0.005298,133,0.534297,4.935941,59,24.95,0.534297,0.452308,0.003275,0.452296
271,OMP,0.002441,38,0.000000,5.015574,38,21.28,0.000000,0.690486,0.014484,0.690334
271,LASSO-ADMM,0.002317,100,0.002337,4.731871,37,23.10,0.079467,0.559602,0.234182,0.508246
272,ASL-SR-DPT,0.005098,133,0.511272,4.682968,57,23.22,0.511272,0.552326,0.235169,0.499759
272,OMP,0.002850,38,0.000000,4.854369,38,20.75,0.000000,0.733657,0.132555,0.721582
272,LASSO-ADMM,0.002342,100,0.000525,4.553912,34,21.37,0.088724,0.683485,0.397715,0.555854
273,ASL-SR-DPT,0.005559,132,0.594269,4.732598,61,22.27,0.594269,0.615996,0.019362,0.615692
273,OMP,0.002704,38,0.000000,4.832509,38,17.62,0.000000,1.051696,0.005016,1.051684
273,LASSO-ADMM,0.002335,100,0.000442,4.460293,40,21.89,0.082982,0.643261,0.302673,0.567603
274,ASL-SR-DPT,0.004809,131,0.565089,4.427195,60,22.11,0.565089,0.627374,0.127217,0.614340
274,OMP,0.002444,38,0.000000,4.523104,38,16.21,0.000000,1.236964,0.234030,1.214624
274,LASSO-ADMM,0.002319,100,0.000506,4.254507,36,22.22,0.085489,0.619311,0.343038,0.515626
275,ASL-SR-DPT,0.004866,132,0.456402,4.636585,57,22.31,0.456402,0.613117,0.098349,0.605177
275,OMP,0.002672,38,0.000000,4.665644,38,20.86,0.000000,0.724930,0.058353,0.722578
275,LASSO-ADMM,0.002351,100,0.000565,4.428096,32,24.25,0.085478,0.490464,0.135385,0.471409
276,ASL-SR-DPT,0.004717,131,0.454109,4.260357,55,21.87,0.454109,0.645154,0.214153,0.608574
276,OMP,0.002440,38,0.000000,4.405757,38,23.22,0.000000,0.552153,0.127780,0.537164
276,LASSO-ADMM,0.002320,100,0.000542,4.189924,34,22.76,0.097346,0.582461,0.312448,0.491566
277,ASL-SR-DPT,0.004753,131,0.472409,4.474303,61,23.01,0.472409,0.565939,0.008540,0.565874
277,OMP,0.002589,38,0.000000,4.416052,38,22.14,0.000000,0.625220,0.128465,0.611880
277,LASSO-ADMM,0.002317,100,0.000325,4.318287,36,22.83,0.077833,0.577656,0.195898,0.543425
278,ASL-SR-DPT,0.004824,132,0.555097,4.498429,53,20.61,0.555097,0.745983,0.022159,0.745653
278,OMP,0.003389,38,0.000000,4.582616,38,19.10,0.000000,0.887494,0.054750,0.885804
278,LASSO-ADMM,0.002663,100,0.000757,4.418338,39,21.05,0.084207,0.708889,0.145933,0.693706
279,ASL-SR-DPT,0.005052,133,0.830935,4.800031,63,17.12,0.830935,1.114561,0.216698,1.093292
279,OMP,0.002555,38,0.000000,4.807114,38,15.37,0.000000,1.362932,0.074490,1.360894
279,LASSO-ADMM,0.002408,100,0.000284,4.330953,40,16.65,0.080449,1.176588,0.362476,1.119362
280,ASL-SR-DPT,0.004951,132,0.971175,4.693329,61,16.29,0.971175,1.225742,0.010486,1.225697
280,OMP,0.002509,38,0.000000,5.065774,38,14.45,0.000000,1.515620,0.105023,1.511977
280,LASSO-ADMM,0.002506,100,0.000285,4.437474,43,16.66,0.092771,1.175024,0.384402,1.110368
281,ASL-SR-DPT,0.005149,135,1.154925,4.507196,60,14.57,1.154925,1.495237,0.022966,1.495061
281,OMP,0.002441,38,0.000000,4.817720,38,11.81,0.000000,2.054561,0.180031,2.046659
281,LASSO-ADMM,0.002448,100,0.000443,4.465782,41,17.28,0.090077,1.094695,0.237458,1.068630
282,ASL-SR-DPT,0.005050,131,1.226799,3.964165,62,14.11,1.226799,1.575766,0.338706,1.538934
282,OMP,0.002465,38,0.000000,4.300511,38,14.28,0.000000,1.545521,0.372105,1.500058
282,LASSO-ADMM,0.002370,100,0.000375,3.934484,44,15.72,0.122743,1.308971,0.622996,1.151209
283,ASL-SR-DPT,0.005277,131,0.941574,4.292241,58,14.59,0.941574,1.491834,0.198693,1.478543
283,OMP,0.003077,38,0.000000,4.694309,38,13.14,0.000000,1.762474,0.222676,1.748351
283,LASSO-ADMM,0.002812,100,0.000715,4.010573,44,16.21,0.100387,1.238035,0.306717,1.199439
284,ASL-SR-DPT,0.005311,128,1.151802,4.060051,54,14.02,1.151802,1.591762,0.325737,1.558076
284,OMP,0.002456,38,0.000000,4.005216,38,12.00,0.000000,2.010258,0.263039,1.992975
284,LASSO-ADMM,0.002402,100,0.000299,3.698182,44,15.77,0.108723,1.302633,0.252214,1.277983
285,ASL-SR-DPT,0.006693,129,1.302645,3.803650,61,13.79,1.302645,1.635982,0.015205,1.635911
285,OMP,0.002487,38,0.000000,4.518330,38,13.08,0.000000,1.773602,0.219439,1.759975
285,LASSO-ADMM,0.002307,100,0.000323,3.807950,42,15.37,0.087409,1.362691,0.284104,1.332745
286,ASL-SR-DPT,0.005253,131,1.158214,3.477976,59,14.63,1.158214,1.484137,0.234179,1.465545
286,OMP,0.002457,38,0.000000,4.160335,38,13.73,0.000000,1.646498,0.147739,1.639856
286,LASSO-ADMM,0.002350,100,0.001685,3.562401,42,16.02,0.089365,1.264444,0.341015,1.217591
287,ASL-SR-DPT,0.005695,129,1.184464,3.084200,61,13.62,1.184464,1.667325,0.536388,1.578690
287,OMP,0.002461,38,0.000000,3.938981,38,15.82,0.000000,1.294830,0.174728,1.282987
287,LASSO-ADMM,0.002285,100,0.000258,3.147003,39,12.78,0.092889,1.835915,0.767718,1.667691
288,ASL-SR-DPT,0.005674,127,1.212318,3.134996,60,13.45,1.212318,1.700350,0.404710,1.651484
288,OMP,0.002433,38,0.000000,4.134339,38,13.01,0.000000,1.788831,0.128405,1.784216
288,LASSO-ADMM,0.002262,100,0.000738,3.517234,40,16.05,0.106743,1.260545,0.293054,1.226007
289,ASL-SR-DPT,0.005772,150,1.380974,3.622335,63,13.04,1.380974,1.781883,0.046845,1.781267
289,OMP,0.002290,37,0.000006,4.055533,37,16.23,0.000006,1.235217,0.074050,1.232996
289,LASSO-ADMM,0.002304,100,0.000675,3.650034,42,17.98,0.105792,1.008998,0.230285,0.982368
290,ASL-SR-DPT,0.005450,150,0.983613,3.419925,63,13.83,0.983613,1.627611,0.211403,1.613824
290,OMP,0.002509,38,0.000000,3.616615,38,14.07,0.000000,1.583808,0.404830,1.531196
290,LASSO-ADMM,0.002578,100,0.000537,3.321904,38,15.60,0.087346,1.327061,0.542433,1.211139
291,ASL-SR-DPT,0.005599,150,1.117859,3.252379,61,14.12,1.117859,1.574758,0.181144,1.564304
291,OMP,0.003045,38,0.000000,4.059861,38,13.84,0.000000,1.625142,0.316626,1.594000
291,LASSO-ADMM,0.002272,100,0.000284,3.184023,41,15.71,0.090859,1.311702,0.380607,1.255269
292,ASL-SR-DPT,0.004599,126,1.042166,3.261795,61,14.70,1.042166,1.473069,0.034284,1.472670
292,OMP,0.002599,38,0.000000,3.486749,38,15.71,0.000000,1.311441,0.092546,1.308171
292,LASSO-ADMM,0.002322,100,0.000468,3.247109,32,16.97,0.074851,1.133341,0.234580,1.108798
293,ASL-SR-DPT,0.005476,150,1.085066,3.165928,59,15.63,1.085066,1.322484,0.097300,1.318900
293,OMP,0.002493,38,0.000000,3.812057,38,12.45,0.000000,1.907050,0.095114,1.904677
293,LASSO-ADMM,0.002284,100,0.001014,2.996430,41,16.95,0.096613,1.136299,0.315326,1.091671
294,ASL-SR-DPT,0.004537,125,1.043972,3.073871,62,16.13,1.043972,1.249063,0.184463,1.235367
294,OMP,0.002849,38,0.000000,3.376811,38,15.99,0.000000,1.269199,0.149710,1.260338
294,LASSO-ADMM,0.002273,100,0.000763,3.062850,41,17.03,0.087984,1.125789,0.356564,1.067831
295,ASL-SR-DPT,0.004554,126,1.040774,3.307686,63,15.70,1.040774,1.313219,0.092490,1.309958
295,OMP,0.002571,38,0.000000,3.423694,38,16.35,0.000000,1.217885,0.032916,1.217440
295,LASSO-ADMM,0.002312,100,0.000340,3.063020,38,17.24,0.088085,1.099548,0.333825,1.047648
296,ASL-SR-DPT,0.004507,124,1.160523,2.896574,63,15.25,1.160523,1.382558,0.293133,1.351126
296,OMP,0.002520,38,0.000000,3.570831,38,15.05,0.000000,1.415032,0.011138,1.414988
296,LASSO-ADMM,0.002282,100,0.000331,3.019576,41,16.67,0.104552,1.173213,0.451086,1.083028
297,ASL-SR-DPT,0.004800,123,0.837341,3.242986,61,15.66,0.837341,1.318668,0.123378,1.312884
297,OMP,0.002448,38,0.000000,3.537390,38,15.88,0.000000,1.284980,0.045474,1.284175
297,LASSO-ADMM,0.002282,100,0.000284,2.941293,45,16.82,0.087525,1.153451,0.327324,1.106033
298,ASL-SR-DPT,0.005962,150,0.931797,2.817704,59,15.60,0.931797,1.326969,0.143785,1.319156
298,OMP,0.002454,38,0.000000,3.288638,38,16.30,0.000000,1.224412,0.084117,1.221519
298,LASSO-ADMM,0.002587,100,0.000221,2.739500,37,17.88,0.091269,1.020643,0.327739,0.966592
299,ASL-SR-DPT,0.005308,122,0.941675,2.485101,61,16.43,0.941675,1.206463,0.003135,1.206459
299,OMP,0.002508,38,0.000000,2.714204,38,16.01,0.000000,1.266687,0.200958,1.250645
299,LASSO-ADMM,0.002343,100,0.000819,2.453316,38,19.16,0.080271,0.880959,0.288717,0.832305
300,ASL-SR-DPT,0.004207,116,0.506082,2.061678,57,20.05,0.506082,0.795699,0.022146,0.795391
300,OMP,0.002515,38,0.000000,2.322882,38,19.31,0.000000,0.866020,0.018750,0.865817
300,LASSO-ADMM,0.002316,100,0.000182,2.014885,37,22.16,0.097238,0.623817,0.162796,0.602200
301,ASL-SR-DPT,0.005859,150,0.831322,2.372803,59,19.04,0.831322,0.893947,0.256626,0.856320
301,OMP,0.002404,38,0.000000,2.427823,38,17.51,0.000000,1.065178,0.072357,1.062718
301,LASSO-ADMM,0.002460,100,0.000302,2.276756,33,23.85,0.071689,0.513471,0.034854,0.512287
302,ASL-SR-DPT,0.004445,122,0.730008,2.239415,59,17.05,0.730008,1.123472,0.146369,1.113897
302,OMP,0.002414,38,0.000000,2.591311,38,19.28,0.000000,0.868959,0.046798,0.867698
302,LASSO-ADMM,0.002308,100,0.000377,2.423882,32,19.67,0.090893,0.830649,0.083220,0.826469
303,ASL-SR-DPT,0.004790,124,0.967221,2.431272,59,16.00,0.967221,1.267665,0.310886,1.228952
303,OMP,0.002460,38,0.000000,3.012283,38,17.41,0.000000,1.078245,0.068129,1.076090
303,LASSO-ADMM,0.002332,100,0.000221,2.569681,39,19.05,0.097102,0.892553,0.367802,0.813248
304,ASL-SR-DPT,0.005006,125,1.000980,2.786495,61,16.43,1.000980,1.206331,0.226250,1.184924
304,OMP,0.002384,38,0.000000,3.325575,38,18.89,0.000000,0.908567,0.001084,0.908566
304,LASSO-ADMM,0.002627,100,0.000777,2.949319,37,20.59,0.088862,0.747105,0.225762,0.712178
305,ASL-SR-DPT,0.004748,126,1.033263,2.748311,60,15.33,1.033263,1.369469,0.346297,1.324962
305,OMP,0.002414,38,0.000000,3.187996,38,15.01,0.000000,1.421485,0.303157,1.388782
305,LASSO-ADMM,0.002397,100,0.000187,2.838661,41,16.21,0.089178,1.237651,0.486365,1.138081
306,ASL-SR-DPT,0.004557,125,0.940367,2.901679,63,16.08,0.940367,1.255752,0.089915,1.252529
306,OMP,0.002424,38,0.000000,3.234858,38,14.63,0.000000,1.484266,0.031631,1.483929
306,LASSO-ADMM,0.002321,100,0.000230,2.831994,38,17.39,0.081268,1.080241,0.151353,1.069585
307,ASL-SR-DPT,0.005460,150,1.084119,2.551279,61,16.23,1.084119,1.234511,0.035103,1.234012
307,OMP,0.002451,38,0.000000,2.832914,38,16.51,0.000000,1.196105,0.236164,1.172559
307,LASSO-ADMM,0.002611,100,0.000531,2.454222,34,17.76,0.089652,1.035637,0.383213,0.962129
308,ASL-SR-DPT,0.005465,150,0.970850,2.515247,59,16.39,0.970850,1.212463,0.210835,1.193991
308,OMP,0.002672,38,0.000000,2.664816,38,15.49,0.000000,1.344278,0.027857,1.343989
308,LASSO-ADMM,0.002361,100,0.000167,2.314835,37,17.37,0.079006,1.082689,0.255794,1.052038
309,ASL-SR-DPT,0.004631,122,0.995481,1.994955,55,17.97,0.995481,1.010323,0.251124,0.978617
309,OMP,0.002466,38,0.000000,2.495808,38,16.46,0.000000,1.202997,0.173665,1.190396
309,LASSO-ADMM,0.002391,100,0.000689,2.091878,37,17.71,0.097016,1.040929,0.450947,0.938179
310,ASL-SR-DPT,0.004668,121,0.875773,2.431410,61,17.74,0.875773,1.037983,0.184841,1.021392
310,OMP,0.002656,38,0.000000,2.896184,38,15.10,0.000000,1.406031,0.253204,1.383044
310,LASSO-ADMM,0.002390,100,0.000639,2.445455,36,21.72,0.083669,0.656412,0.009242,0.656347
311,ASL-SR-DPT,0.004348,121,0.928557,2.214392,63,17.93,0.928557,1.015140,0.080216,1.011966
311,OMP,0.002494,38,0.000000,2.635887,38,16.75,0.000000,1.162788,0.077343,1.160213
311,LASSO-ADMM,0.003410,100,0.000128,2.233990,41,19.98,0.090081,0.801414,0.256525,0.759249
312,ASL-SR-DPT,0.004801,120,0.994277,2.492583,62,17.43,0.994277,1.075976,0.080328,1.072974
312,OMP,0.002444,38,0.000000,2.960967,38,15.23,0.000000,1.386135,0.081861,1.383716
312,LASSO-ADMM,0.002793,100,0.000331,2.489282,40,19.02,0.099622,0.895840,0.129329,0.886455
313,ASL-SR-DPT,0.004655,121,0.900084,2.479787,61,17.83,0.900084,1.026785,0.108709,1.021014
313,OMP,0.002625,37,0.000003,2.756275,37,17.93,0.000003,1.015626,0.015762,1.015503
313,LASSO-ADMM,0.002393,100,0.000334,2.458014,37,20.59,0.093659,0.747543,0.144225,0.733498
314,ASL-SR-DPT,0.004510,121,0.808047,2.592378,57,18.62,0.808047,0.938057,0.180123,0.920601
314,OMP,0.002873,38,0.000000,2.934223,38,18.39,0.000000,0.962391,0.154987,0.949829
314,LASSO-ADMM,0.002347,100,0.000822,2.608067,40,22.14,0.075039,0.625517,0.045351,0.623870
315,ASL-SR-DPT,0.004490,123,0.705358,2.475405,58,19.35,0.705358,0.862406,0.041091,0.861427
315,OMP,0.002380,38,0.000000,2.759377,38,18.45,0.000000,0.956205,0.177591,0.939569
315,LASSO-ADMM,0.002557,100,0.000349,2.604602,31,20.41,0.078539,0.763144,0.067081,0.760190
316,ASL-SR-DPT,0.005616,150,0.579013,6.854284,57,20.08,0.579013,0.792689,0.138915,0.780422
316,OMP,0.002444,38,0.000000,6.989508,38,16.76,0.000000,1.161748,0.104315,1.157055
316,LASSO-ADMM,0.002341,100,0.002706,6.461489,35,18.51,0.083760,0.949834,0.561532,0.766073
317,ASL-SR-DPT,0.005161,139,0.733635,6.903445,62,16.39,0.733635,1.212090,0.445112,1.127403
317,OMP,0.002471,38,0.000000,6.506466,38,23.17,0.000000,0.555587,0.073384,0.550720
317,LASSO-ADMM,0.002393,100,0.002425,6.348553,37,20.92,0.079951,0.719762,0.183893,0.695874
318,ASL-SR-DPT,0.005065,139,0.976921,6.186081,62,17.11,0.976921,1.116057,0.036958,1.115445
318,OMP,0.002427,38,0.000000,6.289735,38,18.88,0.000000,0.910571,0.054609,0.908932
318,LASSO-ADMM,0.002531,100,0.000793,5.898381,44,18.34,0.091343,0.968529,0.413222,0.875955
319,ASL-SR-DPT,0.005064,138,0.972498,5.583086,59,15.24,0.972498,1.384272,0.522796,1.281754
319,OMP,0.002439,38,0.000000,5.976184,38,18.96,0.000000,0.901974,0.293364,0.852933
319,LASSO-ADMM,0.002345,100,0.001736,5.558476,42,16.44,0.099162,1.205958,0.632210,1.026960
320,ASL-SR-DPT,0.005055,137,0.728977,5.730936,60,14.82,0.728977,1.451776,0.391254,1.398061
320,OMP,0.002309,37,0.000013,6.175140,37,17.05,0.000013,1.123567,0.156554,1.112607
320,LASSO-ADMM,0.002455,100,0.000554,5.600060,45,17.02,0.112212,1.127955,0.600673,0.954712
321,ASL-SR-DPT,0.005148,139,1.027274,5.898111,63,14.96,1.027274,1.428656,0.352869,1.384392
321,OMP,0.002799,37,0.000048,6.437107,37,19.86,0.000048,0.813173,0.049914,0.811640
321,LASSO-ADMM,0.002562,100,0.004750,5.782990,40,16.43,0.114756,1.206657,0.565638,1.065869
322,ASL-SR-DPT,0.005506,139,1.153258,5.677529,59,14.35,1.153258,1.533877,0.258256,1.511980
322,OMP,0.002944,38,0.000000,6.208594,38,17.92,0.000000,1.016728,0.014412,1.016626
322,LASSO-ADMM,0.002392,100,0.000972,5.514573,42,16.47,0.105471,1.201702,0.558288,1.064144
323,ASL-SR-DPT,0.005129,135,0.821741,5.245804,56,15.08,0.821741,1.410092,0.403043,1.351264
323,OMP,0.002531,38,0.000000,5.438282,38,16.42,0.000000,1.208502,0.369049,1.150774
323,LASSO-ADMM,0.002604,100,0.000894,5.129397,41,17.21,0.091428,1.103030,0.559989,0.950309
324,ASL-SR-DPT,0.005573,136,1.073068,5.107732,61,16.19,1.073068,1.240951,0.155013,1.231231
324,OMP,0.003085,38,0.000000,5.501660,38,15.57,0.000000,1.332404,0.089521,1.329394
324,LASSO-ADMM,0.002417,100,0.000482,4.938249,37,17.41,0.079405,1.077397,0.464815,0.971973
325,ASL-SR-DPT,0.005050,134,0.781928,4.608158,61,17.01,0.781928,1.128684,0.233509,1.104265
325,OMP,0.002488,38,0.000000,4.851678,38,16.32,0.000000,1.221559,0.219620,1.201654
325,LASSO-ADMM,0.002369,100,0.000810,4.524500,34,18.48,0.103887,0.953503,0.408420,0.861604
326,ASL-SR-DPT,0.005225,132,1.118204,4.442475,62,18.40,1.118204,0.962230,0.243799,0.930832
326,OMP,0.002682,38,0.000000,5.018395,38,18.50,0.000000,0.951299,0.131930,0.942106
326,LASSO-ADMM,0.002485,100,0.000831,4.479001,40,21.14,0.082794,0.701565,0.315714,0.626513
327,ASL-SR-DPT,0.005294,132,0.816152,4.598185,58,17.33,0.816152,1.087362,0.195443,1.069654
327,OMP,0.002500,38,0.000000,4.956335,38,18.02,0.000000,1.004481,0.040385,1.003669
327,LASSO-ADMM,0.002609,100,0.001259,4.481797,37,17.27,0.076811,1.095429,0.420773,1.011393
328,ASL-SR-DPT,0.005554,150,0.703718,5.277031,58,18.61,0.703718,0.939008,0.075129,0.935998
328,OMP,0.002308,37,0.000001,5.398053,37,18.03,0.000001,1.003621,0.024902,1.003312
328,LASSO-ADMM,0.002345,100,0.000924,5.052857,35,19.23,0.074126,0.874348,0.305292,0.819318
329,ASL-SR-DPT,0.005294,140,1.166000,5.451922,62,13.77,1.166000,1.639499,0.238025,1.622128
329,OMP,0.002452,38,0.000000,5.903504,38,13.38,0.000000,1.714761,0.045549,1.714156
329,LASSO-ADMM,0.002324,100,0.000976,5.344992,36,17.05,0.091917,1.124068,0.441642,1.033674
330,ASL-SR-DPT,0.005140,139,1.151222,5.930415,61,13.12,1.151222,1.766389,0.608011,1.658449
330,OMP,0.002967,38,0.000000,6.741062,38,14.25,0.000000,1.551536,0.054991,1.550561
330,LASSO-ADMM,0.002304,100,0.000898,5.972999,41,15.90,0.100176,1.283316,0.723968,1.059609
331,ASL-SR-DPT,0.005843,145,0.886179,6.776329,61,14.97,0.886179,1.427774,0.445242,1.356576
331,OMP,0.002393,38,0.000000,7.192856,38,16.10,0.000000,1.253228,0.120642,1.247408
331,LASSO-ADMM,0.002301,100,0.002168,6.607631,40,15.15,0.095373,1.398506,0.675168,1.224732
332,ASL-SR-DPT,0.005633,144,0.898871,7.369871,59,17.73,0.898871,1.039027,0.163462,1.026088
332,OMP,0.002438,37,0.000024,7.336793,37,20.67,0.000024,0.740369,0.279386,0.685631
332,LASSO-ADMM,0.002339,100,0.001772,6.935289,39,17.57,0.084274,1.058664,0.676151,0.814610
333,ASL-SR-DPT,0.005821,142,0.251779,7.710679,55,29.94,0.251779,0.254665,0.242752,0.076979
333,OMP,0.002789,38,0.000000,7.754639,38,24.71,0.000000,0.465083,0.209913,0.415017
333,LASSO-ADMM,0.002314,100,0.005267,7.397715,35,20.92,0.073600,0.719862,0.569529,0.440271
334,ASL-SR-DPT,0.005461,142,0.246734,7.565984,49,25.94,0.246734,0.403701,0.396761,0.074535
334,OMP,0.002404,38,0.000000,7.691083,38,22.45,0.000000,0.603606,0.290306,0.529210
334,LASSO-ADMM,0.002316,100,0.007816,7.367901,29,20.85,0.090822,0.725628,0.605227,0.400295
335,ASL-SR-DPT,0.005338,142,0.271329,7.816421,50,33.50,0.271329,0.169149,0.155147,0.067386
335,OMP,0.002301,37,0.000003,7.691318,37,23.57,0.000003,0.530221,0.292657,0.442138
335,LASSO-ADMM,0.002685,100,0.002333,7.440337,37,20.62,0.065853,0.744792,0.548874,0.503440
336,ASL-SR-DPT,0.005354,143,0.302007,7.790067,58,32.26,0.302007,0.195020,0.183953,0.064763
336,OMP,0.002468,37,0.000009,7.871071,37,26.18,0.000009,0.392642,0.111566,0.376458
336,LASSO-ADMM,0.007269,100,0.002538,7.433906,39,20.40,0.075115,0.763710,0.558388,0.521014
337,ASL-SR-DPT,0.005250,145,0.268232,7.746049,49,30.46,0.268232,0.239952,0.239245,0.018408
337,OMP,0.002702,36,0.000007,7.803778,36,26.48,0.000007,0.379390,0.188417,0.329296
337,LASSO-ADMM,0.003762,100,0.005033,7.435959,34,20.72,0.073412,0.736548,0.564246,0.473423
338,ASL-SR-DPT,0.005177,142,0.259900,7.693877,51,28.73,0.259900,0.292849,0.291907,0.023470
338,OMP,0.002515,37,0.000001,7.734186,37,25.66,0.000001,0.416768,0.258561,0.326866
338,LASSO-ADMM,0.004323,100,0.001661,7.453489,32,21.36,0.071255,0.683688,0.544050,0.414052
339,ASL-SR-DPT,0.005143,142,0.252537,7.613281,52,26.73,0.252537,0.368753,0.367602,0.029119
339,OMP,0.002555,38,0.000000,7.762814,38,23.83,0.000000,0.514780,0.231626,0.459726
339,LASSO-ADMM,0.002662,100,0.006724,7.376123,35,20.53,0.083700,0.752380,0.617256,0.430199
340,ASL-SR-DPT,0.005440,150,0.317369,7.671331,50,28.23,0.317369,0.310225,0.307591,0.040341
340,OMP,0.002465,38,0.000000,7.762171,38,24.39,0.000000,0.482795,0.228226,0.425445
340,LASSO-ADMM,0.005821,100,0.004009,7.357197,33,19.53,0.071844,0.844637,0.642104,0.548739
341,ASL-SR-DPT,0.005336,142,0.279080,7.711410,53,28.53,0.279080,0.299734,0.218492,0.205187
341,OMP,0.002331,37,0.000024,7.769412,37,24.61,0.000024,0.470702,0.169996,0.438932
341,LASSO-ADMM,0.004320,100,0.002747,7.383722,31,20.36,0.075348,0.767681,0.564036,0.520766
342,ASL-SR-DPT,0.005666,142,0.310692,7.756980,52,28.57,0.310692,0.298238,0.122922,0.271728
342,OMP,0.002383,37,0.000061,7.636245,37,21.81,0.000061,0.649828,0.267880,0.592044
342,LASSO-ADMM,0.002399,100,0.001966,7.392918,36,20.81,0.074061,0.728650,0.505591,0.524699
343,ASL-SR-DPT,0.005920,142,0.274598,7.659019,46,27.16,0.274598,0.350724,0.221863,0.271632
343,OMP,0.002692,38,0.000000,7.744337,38,22.74,0.000000,0.583887,0.153973,0.563220
343,LASSO-ADMM,0.003823,100,0.003894,7.400918,29,20.35,0.078101,0.768383,0.499524,0.583856
344,ASL-SR-DPT,0.005889,142,0.330071,7.655885,61,27.05,0.330071,0.355246,0.228919,0.271654
344,OMP,0.002608,38,0.000000,7.779217,38,23.68,0.000000,0.523982,0.123494,0.509221
344,LASSO-ADMM,0.002451,100,0.003958,7.356350,37,20.47,0.079036,0.758127,0.550051,0.521728
345,ASL-SR-DPT,0.005104,142,0.258999,7.862187,54,31.73,0.258999,0.207190,0.072127,0.194230
345,OMP,0.002777,38,0.000000,7.833002,38,25.06,0.000000,0.446598,0.112105,0.432299
345,LASSO-ADMM,0.002459,100,0.003570,7.511346,31,21.40,0.075817,0.680598,0.440090,0.519168
346,ASL-SR-DPT,0.005244,145,0.209034,7.764432,52,31.02,0.209034,0.225006,0.224294,0.017882
346,OMP,0.002490,37,0.000031,7.832762,37,27.45,0.000031,0.339382,0.161604,0.298436
346,LASSO-ADMM,0.002344,100,0.003528,7.474583,35,21.24,0.072927,0.693656,0.527536,0.450405
347,ASL-SR-DPT,0.005126,142,0.169229,7.885096,42,37.32,0.169229,0.108957,0.108041,0.014100
347,OMP,0.002310,37,0.000015,7.862909,37,27.18,0.000015,0.350004,0.136750,0.322183
347,LASSO-ADMM,0.002325,100,0.004371,7.543993,34,21.75,0.067335,0.654293,0.463203,0.462106
348,ASL-SR-DPT,0.005146,142,0.227589,7.813695,50,32.83,0.227589,0.182679,0.182383,0.010386
348,OMP,0.002450,38,0.000000,7.885633,38,28.00,0.000000,0.318415,0.115992,0.296536
348,LASSO-ADMM,0.002325,100,0.001877,7.514497,35,22.03,0.076678,0.633084,0.492104,0.398283
349,ASL-SR-DPT,0.005149,143,0.257321,7.759764,52,30.59,0.257321,0.236464,0.235824,0.017391
349,OMP,0.002770,38,0.000000,7.793947,38,26.06,0.000000,0.397971,0.209026,0.338658
349,LASSO-ADMM,0.002323,100,0.006361,7.478774,38,21.34,0.076630,0.685353,0.529452,0.435189
350,ASL-SR-DPT,0.005847,143,0.273955,7.787016,52,31.70,0.273955,0.207899,0.195827,0.069815
350,OMP,0.002457,38,0.000000,7.874461,38,25.26,0.000000,0.436497,0.119657,0.419776
350,LASSO-ADMM,0.002334,100,0.004086,7.459977,34,20.32,0.072991,0.771002,0.543012,0.547341
351,ASL-SR-DPT,0.005639,142,0.261577,7.649847,57,27.50,0.261577,0.337530,0.330055,0.070642
351,OMP,0.002844,38,0.000000,7.728975,38,24.49,0.000000,0.476957,0.261332,0.398991
351,LASSO-ADMM,0.002305,100,0.002223,7.379293,34,20.62,0.089799,0.745165,0.612550,0.424327
352,ASL-SR-DPT,0.005488,142,0.312664,7.708646,57,29.19,0.312664,0.277550,0.268314,0.071002
352,OMP,0.002602,37,0.000053,7.808603,37,24.35,0.000053,0.485065,0.181731,0.449735
352,LASSO-ADMM,0.002341,100,0.007231,7.383415,33,20.11,0.066507,0.790063,0.610637,0.501320
353,ASL-SR-DPT,0.005587,144,0.211694,7.604079,47,26.49,0.211694,0.379072,0.372392,0.070850
353,OMP,0.002571,38,0.000000,7.724612,38,25.40,0.000000,0.429762,0.259479,0.342588
353,LASSO-ADMM,0.002313,100,0.004068,7.393867,38,21.22,0.079644,0.695415,0.591329,0.365969
354,ASL-SR-DPT,0.005300,142,0.215467,7.653583,46,27.59,0.215467,0.333837,0.332691,0.027636
354,OMP,0.003663,38,0.000000,7.854070,38,25.61,0.000000,0.419216,0.142262,0.394340
354,LASSO-ADMM,0.002295,100,0.002708,7.402964,39,21.04,0.085342,0.709721,0.593559,0.389090
355,ASL-SR-DPT,0.005493,146,0.232144,7.740963,49,30.14,0.232144,0.249025,0.247763,0.025039
355,OMP,0.004542,38,0.000000,7.845070,38,26.72,0.000000,0.369019,0.150922,0.336745
355,LASSO-ADMM,0.002335,100,0.003272,7.475992,34,21.44,0.068000,0.677599,0.525012,0.428373
356,ASL-SR-DPT,0.005368,142,0.170170,7.724690,45,29.53,0.170170,0.266955,0.265996,0.022606
356,OMP,0.003419,38,0.000000,7.839122,38,24.52,0.000000,0.475434,0.164203,0.446178
356,LASSO-ADMM,0.002323,100,0.007334,7.479564,32,21.93,0.077300,0.640415,0.520452,0.373178
357,ASL-SR-DPT,0.005423,142,0.254703,7.747312,56,30.21,0.254703,0.246949,0.246316,0.017679
357,OMP,0.002756,37,0.000053,7.827283,36,27.73,0.000053,0.328536,0.171379,0.280295
357,LASSO-ADMM,0.002305,100,0.006723,7.476532,34,21.26,0.071920,0.691916,0.530455,0.444259
358,ASL-SR-DPT,0.005047,142,0.200158,7.692481,42,28.70,0.200158,0.293914,0.289872,0.048575
358,OMP,0.003025,37,0.000059,7.746804,37,25.25,0.000059,0.437294,0.244685,0.362430
358,LASSO-ADMM,0.002352,100,0.002168,7.406320,33,20.61,0.077004,0.746162,0.590281,0.456428
359,ASL-SR-DPT,0.005952,143,0.230463,7.791616,53,32.22,0.230463,0.195858,0.189757,0.048504
359,OMP,0.002979,38,0.000000,7.851662,38,25.91,0.000000,0.404938,0.139307,0.380221
359,LASSO-ADMM,0.002329,100,0.002116,7.457620,32,20.87,0.071066,0.724051,0.539773,0.482591
360,ASL-SR-DPT,0.005656,143,0.208627,7.751043,47,30.61,0.208627,0.235869,0.230819,0.048542
360,OMP,0.003059,37,0.000004,7.866857,37,28.03,0.000004,0.317513,0.120797,0.293637
360,LASSO-ADMM,0.002333,100,0.002679,7.451688,35,21.34,0.070936,0.685502,0.541930,0.419791
361,ASL-SR-DPT,0.005176,141,0.574947,7.537748,56,20.65,0.574947,0.742437,0.069115,0.739213
361,OMP,0.002928,38,0.000000,7.477278,38,23.87,0.000000,0.512664,0.175335,0.481749
361,LASSO-ADMM,0.002345,100,0.004824,7.089076,39,20.06,0.067623,0.794157,0.560756,0.562350
362,ASL-SR-DPT,0.005163,146,0.512635,7.344881,57,20.18,0.512635,0.783512,0.261982,0.738415
362,OMP,0.002651,37,0.000035,7.511914,37,23.60,0.000035,0.528509,0.132905,0.511525
362,LASSO-ADMM,0.002308,100,0.002788,7.152570,34,20.68,0.074949,0.739476,0.490286,0.553574
363,ASL-SR-DPT,0.005110,145,0.575889,7.337791,58,20.22,0.575889,0.780057,0.261719,0.734842
363,OMP,0.003602,37,0.000041,7.580333,37,20.40,0.000041,0.764415,0.069303,0.761267
363,LASSO-ADMM,0.002298,100,0.001916,7.021778,40,18.44,0.089304,0.957917,0.621441,0.728983
364,ASL-SR-DPT,0.004967,141,0.583597,7.259781,59,20.24,0.583597,0.778540,0.288258,0.723209
364,OMP,0.003231,38,0.000000,7.332711,38,20.29,0.000000,0.773625,0.286255,0.718717
364,LASSO-ADMM,0.002352,100,0.004479,6.902101,40,17.67,0.102830,1.046512,0.684352,0.791738
365,ASL-SR-DPT,0.005528,142,0.201494,7.657961,49,28.66,0.201494,0.295297,0.253803,0.150944
365,OMP,0.002361,36,0.000039,7.750602,36,27.17,0.000039,0.350577,0.166330,0.308607
365,LASSO-ADMM,0.002323,100,0.002108,7.427358,34,22.12,0.078127,0.626435,0.493808,0.385453
366,ASL-SR-DPT,0.005692,142,0.570325,7.536152,60,19.27,0.570325,0.870607,0.151519,0.857320
366,OMP,0.002436,38,0.000000,7.679254,38,24.55,0.000000,0.473988,0.047089,0.471643
366,LASSO-ADMM,0.002301,100,0.003269,7.145574,39,17.53,0.077474,1.063698,0.597860,0.879782
367,ASL-SR-DPT,0.005159,140,0.609818,7.041004,60,18.64,0.609818,0.935507,0.188635,0.916292
367,OMP,0.002431,38,0.000000,6.809908,38,22.06,0.000000,0.631202,0.150107,0.613093
367,LASSO-ADMM,0.002344,100,0.001939,6.604065,40,18.73,0.072263,0.926261,0.299414,0.876534
368,ASL-SR-DPT,0.004939,136,0.637682,5.922161,60,18.98,0.637682,0.899263,0.104478,0.893173
368,OMP,0.002516,38,0.000000,6.098718,38,20.68,0.000000,0.740090,0.064381,0.737285
368,LASSO-ADMM,0.002314,100,0.000629,5.533811,38,17.37,0.074956,1.083268,0.452815,0.984087
369,ASL-SR-DPT,0.005004,138,0.631049,4.664266,61,18.78,0.631049,0.920274,0.077249,0.917026
369,OMP,0.002430,38,0.000000,4.861341,38,18.94,0.000000,0.903486,0.006220,0.903465
369,LASSO-ADMM,0.002307,100,0.000830,4.495157,37,19.99,0.077335,0.800792,0.274572,0.752249
370,ASL-SR-DPT,0.004904,128,0.772344,3.519143,61,19.19,0.772344,0.878572,0.270563,0.835873
370,OMP,0.002426,38,0.000000,3.816500,38,19.06,0.000000,0.891435,0.148514,0.878976
370,LASSO-ADMM,0.002326,100,0.000509,3.606452,39,22.72,0.078330,0.584897,0.280674,0.513154
371,ASL-SR-DPT,0.005104,129,0.598229,3.477570,57,19.80,0.598229,0.818666,0.411155,0.707931
371,OMP,0.002453,38,0.000000,3.859569,38,20.61,0.000000,0.745909,0.141321,0.732399
371,LASSO-ADMM,0.002314,100,0.000745,3.603583,32,21.33,0.089290,0.686297,0.327747,0.602980
372,ASL-SR-DPT,0.005558,131,0.666067,4.208222,58,20.40,0.666067,0.763913,0.094720,0.758018
372,OMP,0.002427,38,0.000000,4.367439,38,22.14,0.000000,0.625072,0.019913,0.624755
372,LASSO-ADMM,0.002299,100,0.000937,4.202956,38,23.03,0.091596,0.564242,0.151618,0.543489
373,ASL-SR-DPT,0.004936,135,0.610807,4.571071,59,22.84,0.610807,0.576753,0.037263,0.575548
373,OMP,0.002436,38,0.000000,4.695682,38,18.04,0.000000,1.002416,0.030536,1.001951
373,LASSO-ADMM,0.002345,100,0.002365,4.446909,37,22.21,0.093972,0.620447,0.202261,0.586554
374,ASL-SR-DPT,0.004779,132,0.537117,4.841215,59,22.49,0.537117,0.600483,0.246607,0.547507
374,OMP,0.002436,38,0.000000,4.821832,38,20.57,0.000000,0.749123,0.140665,0.735798
374,LASSO-ADMM,0.002313,100,0.000665,4.571637,37,23.78,0.086656,0.517715,0.067250,0.513328
375,ASL-SR-DPT,0.004806,131,0.648657,4.413227,62,25.48,0.648657,0.425510,0.102428,0.412998
375,OMP,0.002431,38,0.000000,4.360626,38,21.24,0.000000,0.693754,0.038142,0.692705
375,LASSO-ADMM,0.002298,100,0.000778,4.328433,33,24.23,0.075660,0.491845,0.021896,0.491358
376,ASL-SR-DPT,0.004950,130,0.540610,4.051166,52,21.70,0.540610,0.657895,0.050676,0.655940
376,OMP,0.002406,38,0.000000,4.158391,38,21.79,0.000000,0.651255,0.048928,0.649414
376,LASSO-ADMM,0.002324,100,0.000947,4.020071,33,25.07,0.098429,0.446337,0.021685,0.445810
377,ASL-SR-DPT,0.005128,130,0.631363,3.749279,61,22.78,0.631363,0.580939,0.159055,0.558741
377,OMP,0.002442,38,0.000000,4.058953,38,21.43,0.000000,0.678570,0.079240,0.673928
377,LASSO-ADMM,0.002299,100,0.000461,3.799653,33,24.56,0.085680,0.473078,0.147566,0.449474
378,ASL-SR-DPT,0.004748,130,0.693992,3.767468,61,20.87,0.693992,0.723532,0.270277,0.671155
378,OMP,0.002476,38,0.000000,4.388488,38,17.62,0.000000,1.052568,0.111045,1.046694
378,LASSO-ADMM,0.002344,100,0.000909,3.896392,32,22.71,0.092655,0.585564,0.220707,0.542378
379,ASL-SR-DPT,0.004981,133,0.685223,4.441394,61,21.94,0.685223,0.639958,0.017865,0.639709
379,OMP,0.002465,38,0.000000,4.683340,38,17.35,0.000000,1.085426,0.141944,1.076105
379,LASSO-ADMM,0.002453,100,0.000816,4.340002,39,21.33,0.095413,0.686795,0.131159,0.674155
380,ASL-SR-DPT,0.005371,132,0.419385,4.606086,57,22.50,0.419385,0.599758,0.095875,0.592045
380,OMP,0.002434,38,0.000000,4.684519,38,18.44,0.000000,0.957113,0.110291,0.950737
380,LASSO-ADMM,0.002334,100,0.002298,4.565253,33,22.33,0.091072,0.611546,0.159392,0.590409
381,ASL-SR-DPT,0.005477,133,0.529671,4.899679,57,23.19,0.529671,0.553832,0.041345,0.552287
381,OMP,0.002519,38,0.000000,4.800345,38,21.05,0.000000,0.708785,0.119884,0.698573
381,LASSO-ADMM,0.002299,100,0.000381,4.648309,38,22.38,0.076245,0.608101,0.249003,0.554784
382,ASL-SR-DPT,0.006228,134,0.460935,5.102537,55,23.29,0.460935,0.547786,0.041262,0.546230
382,OMP,0.002726,38,0.000000,5.180829,38,21.28,0.000000,0.690313,0.072817,0.686462
382,LASSO-ADMM,0.002508,100,0.000664,4.964500,36,22.18,0.088846,0.622451,0.120279,0.610720
383,ASL-SR-DPT,0.005234,137,0.807076,5.353867,58,17.09,0.807076,1.117836,0.319663,1.071155
383,OMP,0.002361,37,0.000037,5.694678,37,20.25,0.000037,0.776860,0.091838,0.771412
383,LASSO-ADMM,0.002374,100,0.001974,5.430188,32,21.16,0.083240,0.699849,0.308142,0.628361
384,ASL-SR-DPT,0.005125,139,0.364421,6.440797,53,23.87,0.364421,0.512307,0.007637,0.512250
384,OMP,0.002492,38,0.000000,6.398264,38,19.03,0.000000,0.894746,0.140606,0.883629
384,LASSO-ADMM,0.002466,100,0.002537,6.070948,37,20.03,0.081528,0.797021,0.373737,0.703963
385,ASL-SR-DPT,0.005153,140,0.625187,6.727358,55,17.26,0.625187,1.096548,0.358318,1.036352
385,OMP,0.002416,38,0.000000,7.048752,38,19.81,0.000000,0.817564,0.116844,0.809171
385,LASSO-ADMM,0.002532,100,0.004600,6.553115,38,18.77,0.096508,0.921517,0.576582,0.718851
386,ASL-SR-DPT,0.005510,141,0.360416,7.417694,57,23.88,0.360416,0.511859,0.251424,0.445854
386,OMP,0.002438,38,0.000000,7.456607,38,23.58,0.000000,0.529653,0.231816,0.476228
386,LASSO-ADMM,0.002368,100,0.002672,7.056512,42,19.13,0.088850,0.883883,0.635770,0.614041
387,ASL-SR-DPT,0.005095,141,0.338288,7.572311,56,27.20,0.338288,0.349096,0.226219,0.265882
387,OMP,0.002773,38,0.000000,7.608023,38,23.16,0.000000,0.555701,0.208397,0.515145
387,LASSO-ADMM,0.002376,100,0.002825,7.220263,38,19.84,0.082767,0.815155,0.595381,0.556776
388,ASL-SR-DPT,0.005114,141,0.264593,7.296979,48,22.44,0.264593,0.603873,0.476060,0.371522
388,OMP,0.002778,38,0.000000,7.453182,38,21.16,0.000000,0.699636,0.340791,0.611025
388,LASSO-ADMM,0.002337,100,0.002316,7.046044,31,18.79,0.095143,0.919886,0.741009,0.545065
389,ASL-SR-DPT,0.005641,144,0.450249,7.538034,57,24.85,0.450249,0.457710,0.263927,0.373954
389,OMP,0.002558,38,0.000000,7.594839,38,22.16,0.000000,0.623621,0.231963,0.578875
389,LASSO-ADMM,0.002310,100,0.002538,7.152626,41,18.96,0.095239,0.901844,0.679563,0.592888
390,ASL-SR-DPT,0.005394,142,0.332686,7.694306,51,26.40,0.332686,0.383091,0.145400,0.354425
390,OMP,0.002620,37,0.000021,7.679314,37,24.28,0.000021,0.488804,0.176717,0.455742
390,LASSO-ADMM,0.002509,100,0.003662,7.288606,37,19.83,0.076512,0.815636,0.567422,0.585914
391,ASL-SR-DPT,0.005354,141,0.756407,7.224335,56,16.31,0.756407,1.223701,0.236251,1.200679
391,OMP,0.002544,38,0.000000,7.273681,38,18.90,0.000000,0.908326,0.287747,0.861544
391,LASSO-ADMM,0.002572,100,0.001614,6.837760,46,16.98,0.096306,1.132845,0.691395,0.897392
392,ASL-SR-DPT,0.005411,139,0.810916,6.575239,60,16.82,0.810916,1.153741,0.410143,1.078378
392,OMP,0.002626,37,0.000043,6.952726,37,18.44,0.000043,0.957290,0.121160,0.949592
392,LASSO-ADMM,0.002369,100,0.000316,6.251570,41,15.13,0.086552,1.400830,0.760106,1.176675
393,ASL-SR-DPT,0.005050,138,0.545958,6.016145,61,18.42,0.545958,0.959205,0.196049,0.938956
393,OMP,0.002666,38,0.000000,6.088747,38,20.20,0.000000,0.781656,0.239478,0.744067
393,LASSO-ADMM,0.002350,100,0.002956,5.931857,36,18.94,0.086281,0.903600,0.306193,0.850141
394,ASL-SR-DPT,0.005803,135,1.109922,5.478529,62,16.36,1.109922,1.216763,0.100883,1.212574
394,OMP,0.002487,38,0.000000,5.595176,38,20.49,0.000000,0.756255,0.118827,0.746861
394,LASSO-ADMM,0.002327,100,0.000933,5.211729,38,17.90,0.081671,1.018379,0.482771,0.896676
395,ASL-SR-DPT,0.005039,136,0.617645,5.273637,61,19.92,0.617645,0.807471,0.249893,0.767830
395,OMP,0.002513,38,0.000000,5.594048,38,19.19,0.000000,0.878692,0.035513,0.877974
395,LASSO-ADMM,0.002304,100,0.001421,5.318026,36,22.89,0.106239,0.573559,0.242037,0.519988
396,ASL-SR-DPT,0.005003,137,0.701446,5.580346,61,20.48,0.701446,0.757263,0.218674,0.725002
396,OMP,0.002452,38,0.000000,5.836426,38,21.18,0.000000,0.698546,0.056827,0.696231
396,LASSO-ADMM,0.002380,100,0.002381,5.485807,37,19.87,0.081517,0.812136,0.359104,0.728429
397,ASL-SR-DPT,0.005641,138,0.635951,6.251882,60,22.80,0.635951,0.579290,0.088647,0.572467
397,OMP,0.002607,38,0.000000,6.428884,38,20.53,0.000000,0.753031,0.206987,0.724025
397,LASSO-ADMM,0.002394,100,0.002265,5.893951,41,19.69,0.072935,0.829202,0.320483,0.764765
398,ASL-SR-DPT,0.005415,138,0.481806,6.298228,60,23.46,0.481806,0.537032,0.018326,0.536719
398,OMP,0.003003,38,0.000000,6.254765,38,21.53,0.000000,0.670892,0.064323,0.667801
398,LASSO-ADMM,0.002318,100,0.005388,6.097959,35,22.35,0.077752,0.610439,0.203180,0.575634
399,ASL-SR-DPT,0.005053,138,0.497566,6.319295,57,24.19,0.497566,0.493903,0.076783,0.487898
399,OMP,0.002460,38,0.000000,6.535898,38,20.55,0.000000,0.750841,0.104743,0.743500
399,LASSO-ADMM,0.002622,100,0.001808,6.198010,33,22.81,0.073217,0.578850,0.213406,0.538076
400,ASL-SR-DPT,0.005309,138,0.330447,6.284983,49,25.10,0.330447,0.444711,0.122370,0.427544
400,OMP,0.002650,38,0.000000,6.351672,38,22.40,0.000000,0.606613,0.080046,0.601308
400,LASSO-ADMM,0.002426,100,0.001354,6.142470,37,22.66,0.082092,0.588915,0.276249,0.520104
401,ASL-SR-DPT,0.006248,139,0.543395,6.391802,58,21.80,0.543395,0.650515,0.178296,0.625604
401,OMP,0.002490,38,0.000000,6.481752,38,20.18,0.000000,0.783436,0.142633,0.770343
401,LASSO-ADMM,0.002330,100,0.001091,6.196498,40,20.53,0.089429,0.752854,0.400946,0.637206
402,ASL-SR-DPT,0.004937,139,0.547094,6.723438,58,20.33,0.547094,0.770305,0.170679,0.751158
402,OMP,0.002701,38,0.000000,6.936937,38,19.57,0.000000,0.840272,0.036881,0.839463
402,LASSO-ADMM,0.002617,100,0.002315,6.362609,36,17.06,0.082381,1.122351,0.576427,0.963018
403,ASL-SR-DPT,0.005656,140,0.609674,6.831269,57,18.91,0.609674,0.906681,0.440790,0.792322
403,OMP,0.004130,38,0.000000,7.159980,38,19.22,0.000000,0.875142,0.194909,0.853162
403,LASSO-ADMM,0.002476,100,0.000918,6.678619,40,18.84,0.103292,0.914349,0.627786,0.664770
404,ASL-SR-DPT,0.005381,141,0.518019,7.501020,58,21.98,0.518019,0.636661,0.145548,0.619801
404,OMP,0.003570,38,0.000000,7.614526,38,21.87,0.000000,0.645285,0.082447,0.639996
404,LASSO-ADMM,0.002340,100,0.000851,7.150164,43,19.17,0.080435,0.879898,0.529080,0.703061
405,ASL-SR-DPT,0.005514,142,0.437959,7.728979,53,26.85,0.437959,0.363571,0.129845,0.339595
405,OMP,0.002835,38,0.000000,7.824734,38,19.79,0.000000,0.819368,0.075434,0.815889
405,LASSO-ADMM,0.002339,100,0.001012,7.298450,42,19.28,0.071100,0.869512,0.590640,0.638119
406,ASL-SR-DPT,0.005183,142,0.208681,7.753251,50,31.54,0.208681,0.211917,0.207044,0.045187
406,OMP,0.002441,38,0.000000,7.736190,38,24.88,0.000000,0.455980,0.233469,0.391676
406,LASSO-ADMM,0.002317,100,0.006559,7.446661,35,21.28,0.070744,0.690018,0.526936,0.445492
407,ASL-SR-DPT,0.005146,142,0.316824,7.768465,53,26.71,0.316824,0.369512,0.107025,0.353673
407,OMP,0.002755,38,0.000000,7.735605,38,22.57,0.000000,0.594775,0.158284,0.573327
407,LASSO-ADMM,0.002443,100,0.002226,7.324604,39,19.25,0.069918,0.871795,0.574433,0.655784
408,ASL-SR-DPT,0.005289,145,0.633408,7.730717,55,20.86,0.633408,0.724257,0.160619,0.706222
408,OMP,0.002679,38,0.000000,7.513584,38,20.68,0.000000,0.739843,0.116719,0.730578
408,LASSO-ADMM,0.002507,100,0.002886,7.083514,42,19.29,0.089069,0.867886,0.540089,0.679360
409,ASL-SR-DPT,0.005256,141,0.697366,6.994078,59,18.75,0.697366,0.924179,0.275530,0.882151
409,OMP,0.002496,38,0.000000,7.306170,38,17.38,0.000000,1.081218,0.065515,1.079231
409,LASSO-ADMM,0.002345,100,0.004763,6.824442,35,19.75,0.103757,0.823315,0.483767,0.666196
410,ASL-SR-DPT,0.005852,140,0.653215,6.945503,62,18.90,0.653215,0.908525,0.232928,0.878158
410,OMP,0.002453,38,0.000000,6.981283,38,18.85,0.000000,0.912803,0.243139,0.879826
410,LASSO-ADMM,0.002713,100,0.002966,6.657185,37,18.68,0.081806,0.931586,0.565357,0.740421
411,ASL-SR-DPT,0.005263,140,0.590774,7.000099,57,19.25,0.590774,0.872261,0.209705,0.846677
411,OMP,0.002436,38,0.000000,7.099428,38,20.25,0.000000,0.777747,0.161361,0.760824
411,LASSO-ADMM,0.002571,100,0.002008,6.687931,40,18.07,0.097572,0.998943,0.562335,0.825631
412,ASL-SR-DPT,0.005289,141,0.593177,7.178142,58,20.11,0.593177,0.789571,0.274799,0.740207
412,OMP,0.002311,37,0.000030,7.251532,37,18.05,0.000030,1.000989,0.250793,0.969062
412,LASSO-ADMM,0.002326,100,0.001381,6.887888,41,18.28,0.092383,0.975583,0.605626,0.764840
413,ASL-SR-DPT,0.005388,141,0.628351,7.335215,59,20.74,0.628351,0.734794,0.164785,0.716079
413,OMP,0.002690,38,0.000000,7.491417,38,18.54,0.000000,0.945956,0.087830,0.941870
413,LASSO-ADMM,0.002371,100,0.002057,6.927634,43,17.52,0.094749,1.064479,0.626660,0.860473
414,ASL-SR-DPT,0.005593,145,0.766215,7.044767,58,18.49,0.766215,0.951445,0.284644,0.907868
414,OMP,0.002334,37,0.000013,7.280915,37,23.19,0.000013,0.554350,0.127422,0.539507
414,LASSO-ADMM,0.002310,100,0.003548,6.704742,44,16.64,0.109939,1.177604,0.695121,0.950556
415,ASL-SR-DPT,0.005431,140,0.715407,6.714684,57,17.09,0.715407,1.118935,0.276982,1.084110
415,OMP,0.002443,38,0.000000,6.978853,38,19.36,0.000000,0.860708,0.118957,0.852448
415,LASSO-ADMM,0.002307,100,0.001589,6.482949,39,16.71,0.094267,1.168573,0.571066,1.019533
416,ASL-SR-DPT,0.005648,141,0.954373,6.408362,61,16.53,0.954373,1.192519,0.089677,1.189142
416,OMP,0.002268,37,0.000004,6.683877,37,19.01,0.000004,0.896140,0.072034,0.893240
416,LASSO-ADMM,0.002332,100,0.002548,6.183819,39,17.92,0.094579,1.016915,0.385733,0.940918
417,ASL-SR-DPT,0.005062,139,1.058264,6.164683,62,16.84,1.058264,1.151216,0.208356,1.132204
417,OMP,0.002431,38,0.000000,6.500609,38,20.32,0.000000,0.771268,0.000428,0.771268
417,LASSO-ADMM,0.002349,100,0.001170,6.071243,41,19.35,0.097042,0.861987,0.390520,0.768450
418,ASL-SR-DPT,0.005123,138,0.732893,6.152741,59,17.21,0.732893,1.102788,0.121769,1.096045
418,OMP,0.002436,38,0.000000,6.469727,38,18.09,0.000000,0.996290,0.087990,0.992397
418,LASSO-ADMM,0.002296,100,0.000439,5.813633,46,15.99,0.113703,1.269814,0.534731,1.151734
419,ASL-SR-DPT,0.005110,138,0.744283,5.935671,60,16.88,0.744283,1.146324,0.283937,1.110603
419,OMP,0.002285,37,0.000040,6.329928,37,12.94,0.000040,1.803679,0.099241,1.800946
419,LASSO-ADMM,0.002666,100,0.002738,5.819537,43,17.64,0.110316,1.050356,0.463435,0.942590
420,ASL-SR-DPT,0.005027,138,0.902868,6.094522,61,16.86,0.902868,1.148858,0.265773,1.117694
420,OMP,0.002420,38,0.000000,6.535394,38,17.01,0.000000,1.128268,0.003272,1.128263
420,LASSO-ADMM,0.002406,100,0.001904,5.908393,39,17.63,0.099937,1.051407,0.557599,0.891371
421,ASL-SR-DPT,0.005089,139,1.053433,6.033858,62,16.33,1.053433,1.221246,0.086240,1.218197
421,OMP,0.002418,38,0.000000,6.225251,38,16.58,0.000000,1.185402,0.096372,1.181478
421,LASSO-ADMM,0.002304,100,0.002386,5.644362,37,16.67,0.088536,1.173972,0.592153,1.013689
422,ASL-SR-DPT,0.005240,138,0.883699,5.769890,61,15.87,0.883699,1.286830,0.285012,1.254870
422,OMP,0.002456,38,0.000000,6.359892,38,17.41,0.000000,1.078048,0.120546,1.071287
422,LASSO-ADMM,0.002494,100,0.001048,5.487339,44,14.64,0.103817,1.482976,0.706092,1.304090
423,ASL-SR-DPT,0.005525,136,0.977357,5.821415,60,16.35,0.977357,1.218146,0.030238,1.217771
423,OMP,0.002433,38,0.000000,5.934903,38,16.71,0.000000,1.168245,0.055376,1.166932
423,LASSO-ADMM,0.002350,100,0.000742,5.441180,45,16.80,0.091719,1.156652,0.455787,1.063062
424,ASL-SR-DPT,0.005273,137,0.857372,5.482017,59,17.34,0.857372,1.087040,0.031218,1.086592
424,OMP,0.002405,38,0.000000,5.624824,38,18.78,0.000000,0.920463,0.003975,0.920455
424,LASSO-ADMM,0.002306,100,0.000571,5.281690,42,18.28,0.083623,0.975299,0.318709,0.921755
425,ASL-SR-DPT,0.005456,136,0.924482,5.778633,64,17.66,0.924482,1.047701,0.326182,0.995632
425,OMP,0.002439,38,0.000000,5.837006,38,17.63,0.000000,1.051293,0.233637,1.025003
425,LASSO-ADMM,0.002341,100,0.000796,5.422101,41,20.14,0.068059,0.787478,0.118008,0.778586
426,ASL-SR-DPT,0.005170,134,0.456846,5.269279,56,22.57,0.456846,0.595205,0.074671,0.590503
426,OMP,0.002287,37,0.000011,5.270490,37,21.57,0.000011,0.667605,0.031305,0.666870
426,LASSO-ADMM,0.002309,100,0.000640,5.109330,34,23.59,0.084917,0.529308,0.110824,0.517577
427,ASL-SR-DPT,0.005035,135,0.529417,5.276384,62,23.46,0.529417,0.536845,0.068051,0.532514
427,OMP,0.002466,38,0.000000,5.458673,38,21.02,0.000000,0.710984,0.201291,0.681894
427,LASSO-ADMM,0.002314,100,0.001355,5.118845,37,24.10,0.084771,0.498865,0.120989,0.483971
428,ASL-SR-DPT,0.004924,135,0.377131,5.426856,57,23.08,0.377131,0.560909,0.205778,0.521799
428,OMP,0.002414,38,0.000000,5.421071,38,21.08,0.000000,0.706500,0.172410,0.685140
428,LASSO-ADMM,0.002647,100,0.000790,5.253839,35,23.21,0.076454,0.553066,0.017137,0.552801
429,ASL-SR-DPT,0.004843,134,0.605025,5.073950,54,23.40,0.605025,0.540736,0.016597,0.540481
429,OMP,0.002432,38,0.000000,5.175016,38,19.88,0.000000,0.811216,0.024184,0.810855
429,LASSO-ADMM,0.002410,100,0.000776,4.854028,38,22.10,0.082789,0.627928,0.251264,0.575465
430,ASL-SR-DPT,0.004804,133,0.622141,4.821168,58,23.29,0.622141,0.547991,0.085205,0.541326
430,OMP,0.002451,38,0.000000,4.873778,38,20.64,0.000000,0.743226,0.130710,0.731642
430,LASSO-ADMM,0.002644,100,0.001310,4.689701,39,22.62,0.092375,0.591829,0.259723,0.531795
431,ASL-SR-DPT,0.004766,132,0.718132,4.708011,55,22.14,0.718132,0.625188,0.035462,0.624181
431,OMP,0.002401,38,0.000000,4.889198,38,18.92,0.000000,0.905399,0.103967,0.899410
431,LASSO-ADMM,0.002396,100,0.000517,4.533758,35,22.91,0.084471,0.571932,0.198713,0.536301
432,ASL-SR-DPT,0.004855,131,0.513711,4.346220,57,22.89,0.513711,0.573895,0.110643,0.563128
432,OMP,0.002402,38,0.000000,4.627127,38,19.80,0.000000,0.818665,0.076355,0.815096
432,LASSO-ADMM,0.002325,100,0.000599,4.189712,37,21.46,0.091430,0.676504,0.307036,0.602816
433,ASL-SR-DPT,0.005101,131,0.694424,4.479091,60,23.09,0.694424,0.560660,0.025169,0.560095
433,OMP,0.003035,38,0.000000,4.440284,38,20.95,0.000000,0.717399,0.094163,0.711193
433,LASSO-ADMM,0.002538,100,0.000915,4.307020,32,23.68,0.063273,0.523856,0.193367,0.486862
434,ASL-SR-DPT,0.005162,130,0.437414,4.203269,56,22.87,0.437414,0.574780,0.157025,0.552915
434,OMP,0.002420,37,0.000024,4.221134,37,18.75,0.000024,0.923922,0.232948,0.894074
434,LASSO-ADMM,0.003123,100,0.000500,4.140830,31,22.87,0.090854,0.575081,0.242112,0.521632
435,ASL-SR-DPT,0.005197,131,0.414771,4.467251,58,24.07,0.414771,0.500988,0.079505,0.494640
435,OMP,0.002479,38,0.000000,4.408556,38,21.84,0.000000,0.646937,0.029691,0.646256
435,LASSO-ADMM,0.002354,100,0.002154,4.345143,27,24.47,0.070599,0.478012,0.067456,0.473228
436,ASL-SR-DPT,0.005469,131,0.701105,4.470795,58,19.51,0.701105,0.846613,0.113933,0.838912
436,OMP,0.002454,38,0.000000,4.351285,38,17.57,0.000000,1.058667,0.123330,1.051459
436,LASSO-ADMM,0.003566,100,0.000313,4.261519,37,20.67,0.077899,0.740638,0.155994,0.724024
437,ASL-SR-DPT,0.005163,131,0.926403,4.117810,60,16.27,0.926403,1.228675,0.288073,1.194427
437,OMP,0.002429,38,0.000000,4.610594,38,14.90,0.000000,1.438580,0.082676,1.436202
437,LASSO-ADMM,0.002713,100,0.000663,4.140970,37,17.22,0.092428,1.101606,0.400474,1.026234
438,ASL-SR-DPT,0.005732,132,1.202216,3.906642,63,14.47,1.202216,1.511698,0.606103,1.384871
438,OMP,0.002421,38,0.000000,5.257263,38,10.30,0.000000,2.444534,0.139994,2.440522
438,LASSO-ADMM,0.002569,100,0.000617,3.790771,38,13.01,0.090084,1.789442,0.941861,1.521513
439,ASL-SR-DPT,0.005880,150,1.248937,4.203535,61,13.73,1.248937,1.647264,0.097866,1.644354
439,OMP,0.002465,38,0.000000,4.891129,38,12.89,0.000000,1.814221,0.008807,1.814200
439,LASSO-ADMM,0.002842,100,0.001555,4.063288,43,15.31,0.094806,1.373478,0.371932,1.322161
440,ASL-SR-DPT,0.005518,150,1.073651,4.149016,61,14.19,1.073651,1.560918,0.065882,1.559527
440,OMP,0.002445,38,0.000000,4.430903,38,12.23,0.000000,1.956381,0.215175,1.944512
440,LASSO-ADMM,0.002311,100,0.000608,3.918729,40,14.16,0.110039,1.567569,0.553631,1.466549
441,ASL-SR-DPT,0.005733,150,1.167324,4.215100,62,13.53,1.167324,1.684813,0.284217,1.660668
441,OMP,0.002455,38,0.000000,4.585842,38,13.36,0.000000,1.717544,0.290189,1.692852
441,LASSO-ADMM,0.003107,100,0.000962,3.941291,38,15.14,0.103542,1.399816,0.209438,1.384059
442,ASL-SR-DPT,0.006500,150,1.164138,3.637584,61,13.86,1.164138,1.622380,0.192279,1.610946
442,OMP,0.002425,38,0.000000,4.518199,38,13.72,0.000000,1.647673,0.345197,1.611107
442,LASSO-ADMM,0.002906,100,0.000522,3.711452,38,16.32,0.089486,1.221883,0.333096,1.175604
443,ASL-SR-DPT,0.005986,150,1.314346,3.448223,63,12.55,1.314346,1.887282,0.433226,1.836886
443,OMP,0.002426,38,0.000000,4.661776,38,11.25,0.000000,2.191867,0.151110,2.186652
443,LASSO-ADMM,0.003069,100,0.000309,3.455477,41,13.92,0.102720,1.611518,0.703891,1.449665
444,ASL-SR-DPT,0.005721,150,1.338575,3.492804,61,14.03,1.338575,1.590992,0.024844,1.590798
444,OMP,0.002494,38,0.000000,4.325901,38,10.02,0.000000,2.524287,0.114711,2.521680
444,LASSO-ADMM,0.002394,100,0.000303,3.298075,42,14.38,0.101076,1.527171,0.547925,1.425492
445,ASL-SR-DPT,0.004642,127,0.977430,2.697608,62,14.44,0.977430,1.517763,0.654843,1.369228
445,OMP,0.002492,38,0.000000,3.804399,38,14.36,0.000000,1.530941,0.012085,1.530894
445,LASSO-ADMM,0.002299,100,0.000229,2.814956,41,14.72,0.124727,1.468850,0.765505,1.253604
446,ASL-SR-DPT,0.005513,150,1.013968,3.234953,61,16.64,1.013968,1.177689,0.068286,1.175708
446,OMP,0.002437,38,0.000000,3.440831,38,13.85,0.000000,1.624709,0.237337,1.607280
446,LASSO-ADMM,0.002384,100,0.000284,2.926971,36,17.36,0.084167,1.083741,0.434025,0.993034
447,ASL-SR-DPT,0.004681,129,0.937406,3.468615,58,15.46,0.937406,1.348855,0.343615,1.304354
447,OMP,0.002438,38,0.000000,3.423669,38,14.95,0.000000,1.430141,0.045093,1.429430
447,LASSO-ADMM,0.002412,100,0.000445,3.127842,34,17.96,0.081477,1.012192,0.199122,0.992413
448,ASL-SR-DPT,0.004601,125,0.850742,3.100674,62,15.76,0.850742,1.302935,0.130575,1.296376
448,OMP,0.002434,38,0.000000,3.208027,38,15.05,0.000000,1.413969,0.123786,1.408540
448,LASSO-ADMM,0.002287,100,0.000454,2.992869,39,18.29,0.097314,0.974236,0.159036,0.961168
449,ASL-SR-DPT,0.004843,125,0.893039,3.212358,62,15.39,0.893039,1.360816,0.204025,1.345435
449,OMP,0.002596,38,0.000000,3.359056,38,15.04,0.000000,1.415899,0.050770,1.414989
449,LASSO-ADMM,0.002302,100,0.000992,3.071609,36,17.43,0.085935,1.075247,0.093043,1.071214
450,ASL-SR-DPT,0.005529,150,1.161272,2.819133,63,13.87,1.161272,1.619356,0.457831,1.553288
450,OMP,0.002736,38,0.000000,3.657837,38,13.13,0.000000,1.764602,0.065479,1.763387
450,LASSO-ADMM,0.002275,100,0.001632,3.237206,37,18.61,0.087649,0.938612,0.171905,0.922736
451,ASL-SR-DPT,0.005775,150,1.111640,2.798648,61,15.57,1.111640,1.332938,0.293319,1.300264
451,OMP,0.002736,38,0.000000,3.189516,38,15.33,0.000000,1.369001,0.291932,1.337512
451,LASSO-ADMM,0.002269,100,0.000445,2.894065,37,18.18,0.092435,0.986534,0.382282,0.909456
452,ASL-SR-DPT,0.004942,126,0.837426,2.966251,62,15.68,0.837426,1.315081,0.228357,1.295103
452,OMP,0.002727,38,0.000000,3.738027,38,16.33,0.000000,1.220924,0.207941,1.203086
452,LASSO-ADMM,0.002309,100,0.000678,3.187503,41,17.01,0.103312,1.128335,0.140188,1.119592
453,ASL-SR-DPT,0.005779,150,1.159808,2.984833,63,15.48,1.159808,1.345879,0.205854,1.330043
453,OMP,0.002601,38,0.000000,3.367167,38,16.88,0.000000,1.146370,0.227950,1.123478
453,LASSO-ADMM,0.002277,100,0.000482,2.956665,40,17.30,0.091894,1.091888,0.455506,0.992338
454,ASL-SR-DPT,0.005057,124,0.967213,2.898144,60,15.10,0.967213,1.406863,0.242543,1.385798
454,OMP,0.002513,38,0.000000,3.475146,38,13.30,0.000000,1.729371,0.056257,1.728455
454,LASSO-ADMM,0.002282,100,0.000585,2.948456,40,15.96,0.096907,1.274205,0.377041,1.217143
455,ASL-SR-DPT,0.005513,150,1.159584,3.178452,63,15.69,1.159584,1.313833,0.071099,1.311907
455,OMP,0.002557,38,0.000000,3.689249,38,14.38,0.000000,1.527764,0.063379,1.526449
455,LASSO-ADMM,0.002315,100,0.001114,3.088412,38,19.71,0.089978,0.826838,0.283887,0.776575
456,ASL-SR-DPT,0.005265,125,1.033955,2.841580,62,15.03,1.033955,1.418170,0.048442,1.417342
456,OMP,0.002471,38,0.000000,3.098098,38,14.97,0.000000,1.428344,0.148700,1.420582
456,LASSO-ADMM,0.002280,100,0.000293,2.787745,36,17.47,0.094068,1.069899,0.276457,1.033565
457,ASL-SR-DPT,0.005530,150,1.016117,2.262161,57,16.08,1.016117,1.256969,0.107937,1.252326
457,OMP,0.002436,38,0.000000,2.860843,38,15.48,0.000000,1.345493,0.071223,1.343606
457,LASSO-ADMM,0.002268,100,0.000627,2.382221,34,18.52,0.080417,0.948697,0.177637,0.931918
458,ASL-SR-DPT,0.004585,119,0.521443,2.143035,58,19.78,0.521443,0.820139,0.122446,0.810947
458,OMP,0.002425,38,0.000000,2.302483,38,17.17,0.000000,1.107852,0.126509,1.100605
458,LASSO-ADMM,0.002301,100,0.000161,2.133204,34,19.68,0.091427,0.830081,0.052289,0.828433
459,ASL-SR-DPT,0.004884,117,0.611941,1.837268,55,21.22,0.611941,0.695288,0.069595,0.691796
459,OMP,0.002425,38,0.000000,2.184871,38,17.98,0.000000,1.009589,0.070729,1.007108
459,LASSO-ADMM,0.002290,100,0.000186,1.926425,32,22.48,0.073961,0.600976,0.061403,0.597831
460,ASL-SR-DPT,0.004579,117,0.501604,1.874629,58,21.33,0.501604,0.686209,0.132724,0.673251
460,OMP,0.002421,38,0.000000,2.314939,38,19.87,0.000000,0.811625,0.135860,0.800173
460,LASSO-ADMM,0.002274,100,0.000209,1.918394,32,20.98,0.087108,0.714593,0.153858,0.697833
461,ASL-SR-DPT,0.004648,117,0.525445,2.174156,60,20.89,0.525445,0.721786,0.042021,0.720562
461,OMP,0.002449,38,0.000000,2.372239,38,18.87,0.000000,0.911413,0.014944,0.911290
461,LASSO-ADMM,0.002318,100,0.000365,2.167994,27,21.16,0.078399,0.699948,0.106784,0.691754
462,ASL-SR-DPT,0.004565,123,0.615142,2.150645,59,19.98,0.615142,0.801598,0.186119,0.779691
462,OMP,0.002392,38,0.000000,2.411035,38,18.63,0.000000,0.936920,0.149308,0.924946
462,LASSO-ADMM,0.002271,100,0.000332,2.055937,31,19.29,0.106555,0.868056,0.371723,0.784438
463,ASL-SR-DPT,0.005184,122,0.984552,2.313552,59,16.80,0.984552,1.156073,0.187428,1.140779
463,OMP,0.003022,38,0.000000,2.914334,38,13.19,0.000000,1.751418,0.245450,1.734134
463,LASSO-ADMM,0.002272,100,0.000659,2.462595,36,17.20,0.078730,1.104000,0.266409,1.071374
464,ASL-SR-DPT,0.005805,150,1.076757,2.236538,60,16.99,1.076757,1.131960,0.227188,1.108927
464,OMP,0.002661,38,0.000000,2.968728,38,13.93,0.000000,1.609707,0.162956,1.601437
464,LASSO-ADMM,0.002751,100,0.000688,2.437207,39,19.60,0.085394,0.838053,0.306372,0.780045
465,ASL-SR-DPT,0.004384,121,0.823979,2.288081,60,17.15,0.823979,1.111177,0.066821,1.109166
465,OMP,0.002466,38,0.000000,2.978296,38,15.53,0.000000,1.338719,0.318288,1.300331
465,LASSO-ADMM,0.002405,100,0.000271,2.278693,40,18.88,0.095556,0.910101,0.245263,0.876430
466,ASL-SR-DPT,0.005444,150,1.042061,2.656760,61,16.59,1.042061,1.184429,0.265093,1.154382
466,OMP,0.002448,38,0.000000,3.289609,38,13.81,0.000000,1.631681,0.308256,1.602299
466,LASSO-ADMM,0.002317,100,0.000478,2.600268,30,19.17,0.082228,0.880689,0.011479,0.880615
467,ASL-SR-DPT,0.005690,150,0.832671,2.514697,60,18.96,0.832671,0.901687,0.205873,0.877870
467,OMP,0.002453,38,0.000000,2.462100,38,19.01,0.000000,0.896107,0.129326,0.886726
467,LASSO-ADMM,0.002547,100,0.000356,2.352829,34,20.34,0.081337,0.769549,0.137040,0.757249
468,ASL-SR-DPT,0.004604,124,0.762399,2.546023,59,18.49,0.762399,0.951603,0.151905,0.939401
468,OMP,0.002400,38,0.000000,2.960374,38,14.40,0.000000,1.524498,0.164841,1.515560
468,LASSO-ADMM,0.002357,100,0.000193,2.460677,37,19.70,0.095205,0.828002,0.087840,0.823330
469,ASL-SR-DPT,0.004484,124,0.826198,2.680787,62,17.56,0.826198,1.059318,0.147944,1.048936
469,OMP,0.002887,38,0.000000,3.179075,38,15.18,0.000000,1.392891,0.196356,1.378981
469,LASSO-ADMM,0.002311,100,0.000127,2.601827,39,19.40,0.090029,0.856991,0.135653,0.846187
470,ASL-SR-DPT,0.004558,123,0.977837,2.959223,60,16.73,0.977837,1.165095,0.391575,1.097321
470,OMP,0.002542,38,0.000000,2.998988,38,19.69,0.000000,0.829471,0.110241,0.822112
470,LASSO-ADMM,0.002363,100,0.000313,2.770652,33,20.95,0.069664,0.716755,0.001868,0.716752
471,ASL-SR-DPT,0.004763,121,0.685563,2.584894,56,17.53,0.685563,1.062683,0.003031,1.062679
471,OMP,0.002740,38,0.000000,2.851796,38,16.15,0.000000,1.245778,0.024557,1.245536
471,LASSO-ADMM,0.002308,100,0.000430,2.634840,34,18.34,0.093924,0.968267,0.087680,0.964289
472,ASL-SR-DPT,0.004535,123,0.989946,2.399713,61,17.92,0.989946,1.015933,0.058130,1.014269
472,OMP,0.003182,38,0.000000,2.706546,38,17.16,0.000000,1.110023,0.041009,1.109265
472,LASSO-ADMM,0.002307,100,0.000198,2.325533,31,18.09,0.092624,0.996942,0.370572,0.925511
473,ASL-SR-DPT,0.005468,150,0.847278,2.553561,60,18.02,0.847278,1.005092,0.175129,0.989717
473,OMP,0.002471,38,0.000000,2.634636,38,19.08,0.000000,0.889687,0.010257,0.889628
473,LASSO-ADMM,0.002336,100,0.000798,2.430455,37,20.13,0.076355,0.787961,0.072689,0.784601
474,ASL-SR-DPT,0.005416,141,0.749833,6.364457,61,19.22,0.749833,0.874985,0.229171,0.844440
474,OMP,0.002536,38,0.000000,6.522563,38,24.33,0.000000,0.485934,0.145109,0.463762
474,LASSO-ADMM,0.002327,100,0.001010,6.095491,34,18.38,0.099671,0.963650,0.566009,0.779908
475,ASL-SR-DPT,0.005161,137,0.551470,6.190030,56,19.40,0.551470,0.857645,0.128598,0.847949
475,OMP,0.002455,38,0.000000,6.253993,38,21.89,0.000000,0.643560,0.141104,0.627901
475,LASSO-ADMM,0.002308,100,0.001088,5.858556,35,17.36,0.089091,1.084213,0.498625,0.962752
476,ASL-SR-DPT,0.005268,137,0.694601,5.830735,60,19.12,0.694601,0.885387,0.398187,0.790795
476,OMP,0.002413,38,0.000000,6.280286,38,18.95,0.000000,0.902787,0.043125,0.901757
476,LASSO-ADMM,0.002342,100,0.000354,5.664771,43,18.07,0.092194,0.999094,0.619773,0.783626
477,ASL-SR-DPT,0.005409,137,0.738892,5.925847,60,17.46,0.738892,1.072074,0.133467,1.063733
477,OMP,0.002421,38,0.000000,6.105560,38,19.67,0.000000,0.831322,0.030892,0.830748
477,LASSO-ADMM,0.002304,100,0.001157,5.723298,42,17.67,0.095545,1.046201,0.399403,0.966961
478,ASL-SR-DPT,0.005919,136,0.892131,5.796455,58,16.21,0.892131,1.237250,0.027074,1.236954
478,OMP,0.002423,38,0.000000,6.115115,38,17.05,0.000000,1.123941,0.101219,1.119374
478,LASSO-ADMM,0.002314,100,0.004270,5.477437,43,17.41,0.100803,1.077871,0.452946,0.978083
479,ASL-SR-DPT,0.005336,136,1.015360,5.623235,62,15.92,1.015360,1.279086,0.013431,1.279016
479,OMP,0.002430,38,0.000000,5.701443,38,19.99,0.000000,0.801085,0.064250,0.798504
479,LASSO-ADMM,0.002338,100,0.002093,5.282520,35,17.76,0.088120,1.035226,0.460470,0.927178
480,ASL-SR-DPT,0.004897,134,1.051645,5.006692,62,15.97,1.051645,1.272116,0.131053,1.265348
480,OMP,0.002420,38,0.000000,5.383096,38,18.01,0.000000,1.006479,0.072496,1.003864
480,LASSO-ADMM,0.002299,100,0.000438,4.906183,46,18.81,0.093312,0.917020,0.346508,0.849033
481,ASL-SR-DPT,0.004766,132,0.933136,4.712211,57,17.58,0.933136,1.056645,0.073084,1.054115
481,OMP,0.002437,38,0.000000,4.761546,38,15.21,0.000000,1.389146,0.304083,1.355456
481,LASSO-ADMM,0.002309,100,0.000705,4.428349,41,17.54,0.095033,1.061308,0.461508,0.955711
482,ASL-SR-DPT,0.005142,134,0.738733,4.541114,60,17.48,0.738733,1.069647,0.199572,1.050864
482,OMP,0.002415,38,0.000000,4.792670,38,17.10,0.000000,1.117430,0.101201,1.112838
482,LASSO-ADMM,0.002357,100,0.000220,4.399833,43,18.21,0.096518,0.983202,0.438420,0.880042
483,ASL-SR-DPT,0.005152,133,0.967898,4.247266,59,16.97,0.967898,1.134038,0.357146,1.076331
483,OMP,0.002423,38,0.000000,5.103271,38,14.28,0.000000,1.546332,0.205807,1.532575
483,LASSO-ADMM,0.002313,100,0.000362,4.282503,41,18.80,0.114531,0.918674,0.445421,0.803468
484,ASL-SR-DPT,0.005376,133,1.027953,4.809154,58,16.48,1.027953,1.199495,0.123859,1.193083
484,OMP,0.002416,38,0.000000,4.919284,38,15.79,0.000000,1.298630,0.025270,1.298384
484,LASSO-ADMM,0.002297,100,0.001054,4.504990,43,17.14,0.092688,1.111542,0.339719,1.058356
485,ASL-SR-DPT,0.004906,134,0.819919,5.340556,60,16.28,0.819919,1.227607,0.156473,1.217594
485,OMP,0.002601,38,0.000000,5.267049,38,14.02,0.000000,1.592168,0.165562,1.583536
485,LASSO-ADMM,0.002432,100,0.001051,5.007658,40,19.63,0.093101,0.835064,0.252051,0.796117
486,ASL-SR-DPT,0.005621,150,0.865510,5.751236,62,15.81,0.865510,1.295765,0.028366,1.295454
486,OMP,0.002308,37,0.000026,6.129451,37,16.86,0.000026,1.148945,0.194787,1.132313
486,LASSO-ADMM,0.002327,100,0.000474,5.293059,47,15.31,0.100541,1.371970,0.597765,1.234900
487,ASL-SR-DPT,0.005109,137,1.208390,5.806272,56,13.61,1.208390,1.669541,0.406922,1.619192
487,OMP,0.002433,38,0.000000,6.557474,38,12.88,0.000000,1.816667,0.070039,1.815316
487,LASSO-ADMM,0.002429,100,0.000593,5.599391,40,15.18,0.100776,1.392768,0.773830,1.158011
488,ASL-SR-DPT,0.005189,140,0.814106,6.549085,60,14.65,0.814106,1.481543,0.446438,1.412679
488,OMP,0.002774,38,0.000000,6.909772,38,14.97,0.000000,1.427003,0.214022,1.410862
488,LASSO-ADMM,0.002507,100,0.001995,6.438764,39,15.64,0.101452,1.321446,0.623567,1.165069
489,ASL-SR-DPT,0.005483,150,0.749512,7.265266,59,18.28,0.749512,0.975212,0.226579,0.948526
489,OMP,0.002539,38,0.000000,7.306488,38,21.69,0.000000,0.658818,0.250749,0.609234
489,LASSO-ADMM,0.002404,100,0.001634,6.810429,39,16.93,0.091278,1.139233,0.746869,0.860255
490,ASL-SR-DPT,0.005321,141,0.808064,7.481190,63,19.52,0.808064,0.845519,0.146261,0.832772
490,OMP,0.002499,38,0.000000,7.555770,38,21.49,0.000000,0.673511,0.142309,0.658304
490,LASSO-ADMM,0.002360,100,0.002430,7.025435,40,18.49,0.095587,0.951985,0.658728,0.687279
491,ASL-SR-DPT,0.006117,142,0.302671,7.786781,55,32.62,0.302671,0.187022,0.170571,0.076699
491,OMP,0.002321,37,0.000040,7.813159,37,23.56,0.000040,0.531247,0.160016,0.506575
491,LASSO-ADMM,0.002371,100,0.003160,7.440965,37,20.95,0.073057,0.717186,0.530673,0.482432
492,ASL-SR-DPT,0.005494,142,0.250755,7.705571,50,29.46,0.250755,0.269329,0.259135,0.073398
492,OMP,0.002433,38,0.000000,7.740522,38,24.07,0.000000,0.500792,0.236776,0.441282
492,LASSO-ADMM,0.002312,100,0.003032,7.435362,35,21.22,0.074902,0.695402,0.541950,0.435745
493,ASL-SR-DPT,0.005302,142,0.205571,7.819324,48,33.51,0.205571,0.168918,0.155186,0.066712
493,OMP,0.002507,38,0.000000,7.797465,38,26.83,0.000000,0.364409,0.183213,0.315003
493,LASSO-ADMM,0.002310,100,0.002785,7.485590,33,20.97,0.071072,0.715480,0.506316,0.505526
494,ASL-SR-DPT,0.005282,143,0.239434,7.738587,46,30.24,0.239434,0.246125,0.237393,0.064979
494,OMP,0.002464,38,0.000000,7.745712,38,23.29,0.000000,0.547966,0.245954,0.489666
494,LASSO-ADMM,0.002443,100,0.004720,7.463626,32,21.44,0.083909,0.678152,0.524968,0.429299
495,ASL-SR-DPT,0.005266,143,0.231816,7.799612,52,32.46,0.231816,0.190663,0.190094,0.014722
495,OMP,0.002425,38,0.000000,7.815153,38,25.77,0.000000,0.411593,0.183209,0.368569
495,LASSO-ADMM,0.002307,100,0.004437,7.462004,33,21.02,0.080240,0.711081,0.541843,0.460481
496,ASL-SR-DPT,0.005248,142,0.167505,7.837691,42,34.22,0.167505,0.155656,0.154466,0.019208
496,OMP,0.002470,38,0.000000,7.751873,38,26.31,0.000000,0.386990,0.246092,0.298663
496,LASSO-ADMM,0.002636,100,0.003740,7.480281,32,21.02,0.067084,0.711622,0.527250,0.477926
497,ASL-SR-DPT,0.005260,142,0.211189,7.858740,45,35.59,0.211189,0.132952,0.130966,0.022893
497,OMP,0.002406,38,0.000000,7.834517,38,25.49,0.000000,0.425052,0.164928,0.391750
497,LASSO-ADMM,0.002518,100,0.004458,7.504766,32,21.15,0.068114,0.700418,0.500817,0.489660
498,ASL-SR-DPT,0.005236,143,0.231977,7.729525,48,29.64,0.231977,0.263624,0.262632,0.022849
498,OMP,0.002284,37,0.000051,7.788388,37,26.50,0.000051,0.378622,0.210130,0.314960
498,LASSO-ADMM,0.002321,100,0.003008,7.453606,32,21.06,0.077016,0.708142,0.551889,0.443716
499,ASL-SR-DPT,0.005957,143,0.212451,7.776277,46,30.22,0.212451,0.246654,0.188919,0.158581
499,OMP,0.002428,38,0.000000,7.712206,38,24.14,0.000000,0.496640,0.264761,0.420182
499,LASSO-ADMM,0.002431,100,0.004125,7.407911,28,20.00,0.071435,0.800217,0.577089,0.554361
